日期,收盤價
2018-01-02,20.649999618530277
2018-01-03,20.837499618530277
2018-01-04,20.875
2018-01-05,20.9375
2018-01-08,21.024999618530277
2018-01-09,21.037500381469727
2018-01-10,20.9375
2018-01-11,20.850000381469727
2018-01-12,21.024999618530277
2018-01-15,21.162500381469727
2018-01-16,21.25
2018-01-17,21.287500381469727
2018-01-18,21.575000762939453
2018-01-19,21.787500381469727
2018-01-22,21.987499237060547
2018-01-23,22.075000762939453
2018-01-24,21.799999237060547
2018-01-25,21.862499237060547
2018-01-26,21.875
2018-01-29,21.387500762939453
2018-01-30,21.137500762939453
2018-01-31,21.162500381469727
2018-02-01,21.3125
2018-02-02,21.225000381469727
2018-02-05,20.899999618530277
2018-02-06,19.912500381469727
2018-02-07,20.162500381469727
2018-02-08,20.149999618530277
2018-02-09,19.762500762939453
2018-02-12,19.924999237060547
2018-02-21,20.375
2018-02-22,20.25
2018-02-23,20.5
2018-02-26,20.600000381469727
2018-02-27,20.587499618530277
2018-03-01,20.4375
2018-03-02,20.287500381469727
2018-03-05,20.1875
2018-03-06,20.537500381469727
2018-03-07,20.450000762939453
2018-03-08,20.6875
2018-03-09,20.712499618530277
2018-03-12,21.037500381469727
2018-03-13,21.237499237060547
2018-03-14,21.075000762939453
2018-03-15,21.0625
2018-03-16,20.975000381469727
2018-03-19,20.962499618530277
2018-03-20,20.950000762939453
2018-03-21,20.962499618530277
2018-03-22,20.887500762939453
2018-03-23,20.524999618530277
2018-03-26,20.549999237060547
2018-03-27,20.850000381469727
2018-03-28,20.5625
2018-03-29,20.524999618530277
2018-03-30,20.712499618530277
2018-04-02,20.5625
2018-04-03,20.375
2018-04-09,20.549999237060547
2018-04-10,20.625
2018-04-11,20.712499618530277
2018-04-12,20.625
2018-04-13,20.625
2018-04-16,20.575000762939453
2018-04-17,20.350000381469727
2018-04-18,20.399999618530277
2018-04-19,20.662500381469727
2018-04-20,20.1875
2018-04-23,19.987499237060547
2018-04-24,19.887500762939453
2018-04-25,19.825000762939453
2018-04-26,19.762500762939453
2018-04-27,19.799999237060547
2018-04-30,20.0
2018-05-02,19.850000381469727
2018-05-03,19.637500762939453
2018-05-04,19.737499237060547
2018-05-07,19.875
2018-05-08,20.0
2018-05-09,20.112499237060547
2018-05-10,20.162500381469727
2018-05-11,20.399999618530277
2018-05-14,20.625
2018-05-15,20.412500381469727
2018-05-16,20.4375
2018-05-17,20.299999237060547
2018-05-18,20.237499237060547
2018-05-21,20.512500762939453
2018-05-22,20.4375
2018-05-23,20.337499618530277
2018-05-24,20.387500762939453
2018-05-25,20.462499618530277
2018-05-28,20.549999237060547
2018-05-29,20.462499618530277
2018-05-30,20.100000381469727
2018-05-31,20.1875
2018-06-01,20.337499618530277
2018-06-04,20.649999618530277
2018-06-05,20.625
2018-06-06,20.825000762939453
2018-06-07,20.862499237060547
2018-06-08,20.637500762939453
2018-06-11,20.662500381469727
2018-06-12,20.625
2018-06-13,20.75
2018-06-14,20.4375
2018-06-15,20.487499237060547
2018-06-19,20.149999618530277
2018-06-20,20.375
2018-06-21,20.3125
2018-06-22,20.287500381469727
2018-06-25,20.225000381469727
2018-06-26,20.174999237060547
2018-06-27,20.100000381469727
2018-06-28,20.012500762939453
2018-06-29,20.362499237060547
2018-07-02,20.262500762939453
2018-07-03,20.287500381469727
2018-07-04,20.350000381469727
2018-07-05,20.1875
2018-07-06,20.237499237060547
2018-07-09,20.5625
2018-07-10,20.612499237060547
2018-07-11,20.424999237060547
2018-07-12,20.662500381469727
2018-07-13,20.837499618530277
2018-07-16,20.75
2018-07-17,20.637500762939453
2018-07-18,20.762500762939453
2018-07-19,20.825000762939453
2018-07-20,21.162500381469727
2018-07-23,21.137500762939453
2018-07-24,21.174999237060547
2018-07-25,21.1875
2018-07-26,21.25
2018-07-27,21.424999237060547
2018-07-30,21.387500762939453
2018-07-31,21.387500762939453
2018-08-01,21.537500381469727
2018-08-02,21.212499618530277
2018-08-03,21.387500762939453
2018-08-06,21.424999237060547
2018-08-07,21.375
2018-08-08,21.537500381469727
2018-08-09,21.537500381469727
2018-08-10,21.424999237060547
2018-08-13,20.987499237060547
2018-08-14,21.137500762939453
2018-08-15,20.9375
2018-08-16,20.950000762939453
2018-08-17,20.912500381469727
2018-08-20,20.987499237060547
2018-08-21,21.137500762939453
2018-08-22,21.162500381469727
2018-08-23,21.262500762939453
2018-08-24,21.200000762939453
2018-08-27,21.387500762939453
2018-08-28,21.5625
2018-08-29,21.8125
2018-08-30,21.887500762939453
2018-08-31,21.737499237060547
2018-09-03,21.612499237060547
2018-09-04,21.75
2018-09-05,21.75
2018-09-06,21.625
2018-09-07,21.600000381469727
2018-09-10,21.5
2018-09-11,21.412500381469727
2018-09-12,21.387500762939453
2018-09-13,21.237499237060547
2018-09-14,21.625
2018-09-17,21.462499618530277
2018-09-18,21.350000381469727
2018-09-19,21.537500381469727
2018-09-20,21.475000381469727
2018-09-21,21.712499618530277
2018-09-25,21.774999618530277
2018-09-26,21.725000381469727
2018-09-27,21.837499618530277
2018-09-28,21.725000381469727
2018-10-01,21.837499618530277
2018-10-02,21.512500762939453
2018-10-03,21.487499237060547
2018-10-04,21.225000381469727
2018-10-05,20.862499237060547
2018-10-08,20.75
2018-10-09,20.8125
2018-10-11,19.350000381469727
2018-10-12,20.012500762939453
2018-10-15,19.799999237060547
2018-10-16,19.825000762939453
2018-10-17,19.850000381469727
2018-10-18,19.787500381469727
2018-10-19,19.825000762939453
2018-10-22,19.799999237060547
2018-10-23,19.4375
2018-10-24,19.350000381469727
2018-10-25,18.875
2018-10-26,18.850000381469727
2018-10-29,18.9375
2018-10-30,18.987499237060547
2018-10-31,19.387500762939453
2018-11-01,19.600000381469727
2018-11-02,19.662500381469727
2018-11-05,19.5625
2018-11-06,19.5
2018-11-07,19.600000381469727
2018-11-08,19.712499618530277
2018-11-09,19.450000762939453
2018-11-12,19.5
2018-11-13,19.274999618530277
2018-11-14,19.337499618530277
2018-11-15,19.399999618530277
2018-11-16,19.237499237060547
2018-11-19,19.174999237060547
2018-11-20,19.0
2018-11-21,19.0
2018-11-22,18.899999618530277
2018-11-23,18.837499618530277
2018-11-26,19.037500381469727
2018-11-27,19.012500762939453
2018-11-28,19.225000381469727
2018-11-29,19.262500762939453
2018-11-30,19.1875
2018-12-03,19.700000762939453
2018-12-04,19.5625
2018-12-05,19.162500381469727
2018-12-06,18.774999618530277
2018-12-07,18.862499237060547
2018-12-10,18.612499237060547
2018-12-11,18.762500762939453
2018-12-12,19.049999237060547
2018-12-13,19.075000762939453
2018-12-14,18.837499618530277
2018-12-17,18.987499237060547
2018-12-18,18.825000762939453
2018-12-19,18.975000381469727
2018-12-20,18.762500762939453
2018-12-21,18.799999237060547
2018-12-24,18.674999237060547
2018-12-25,18.4375
2018-12-26,18.387500762939453
2018-12-27,18.762500762939453
2018-12-28,18.875
2019-01-02,18.512500762939453
2019-01-03,18.337499618530277
2019-01-04,18.049999237060547
2019-01-07,18.487499237060547
2019-01-08,18.412500381469727
2019-01-09,18.75
2019-01-10,18.700000762939453
2019-01-11,18.875
2019-01-14,18.75
2019-01-15,18.912500381469727
2019-01-16,18.887500762939453
2019-01-17,18.887500762939453
2019-01-18,18.987499237060547
2019-01-21,19.125
2019-01-22,18.512500762939453
2019-01-23,18.424999237060547
2019-01-24,18.512500762939453
2019-01-25,18.75
2019-01-28,18.787500381469727
2019-01-29,18.625
2019-01-30,18.587499618530277
2019-02-11,18.787500381469727
2019-02-12,18.912500381469727
2019-02-13,18.875
2019-02-14,18.8125
2019-02-15,18.762500762939453
2019-02-18,18.912500381469727
2019-02-19,18.875
2019-02-20,19.087499618530277
2019-02-21,19.274999618530277
2019-02-22,19.237499237060547
2019-02-25,19.375
2019-02-26,19.424999237060547
2019-02-27,19.412500381469727
2019-03-04,19.237499237060547
2019-03-05,19.1875
2019-03-06,19.237499237060547
2019-03-07,19.162500381469727
2019-03-08,19.0
2019-03-11,19.037500381469727
2019-03-12,19.3125
2019-03-13,19.274999618530277
2019-03-14,19.262500762939453
2019-03-15,19.399999618530277
2019-03-18,19.524999618530277
2019-03-19,19.600000381469727
2019-03-20,19.625
2019-03-21,19.787500381469727
2019-03-22,19.837499618530277
2019-03-25,19.537500381469727
2019-03-26,19.662500381469727
2019-03-27,19.625
2019-03-28,19.625
2019-03-29,19.787500381469727
2019-04-01,19.962499618530277
2019-04-02,20.037500381469727
2019-04-03,20.037500381469727
2019-04-08,20.225000381469727
2019-04-09,20.350000381469727
2019-04-10,20.375
2019-04-11,20.287500381469727
2019-04-12,20.274999618530277
2019-04-15,20.462499618530277
2019-04-16,20.524999618530277
2019-04-17,20.6875
2019-04-18,20.674999237060547
2019-04-19,20.700000762939453
2019-04-22,20.674999237060547
2019-04-23,20.762500762939453
2019-04-24,20.799999237060547
2019-04-25,20.850000381469727
2019-04-26,20.612499237060547
2019-04-29,20.700000762939453
2019-04-30,20.700000762939453
2019-05-02,20.75
2019-05-03,20.9375
2019-05-06,20.575000762939453
2019-05-07,20.787500381469727
2019-05-08,20.637500762939453
2019-05-09,20.387500762939453
2019-05-10,20.375
2019-05-13,20.037500381469727
2019-05-14,19.912500381469727
2019-05-15,19.9375
2019-05-16,19.762500762939453
2019-05-17,19.5625
2019-05-20,19.549999237060547
2019-05-21,19.600000381469727
2019-05-22,19.600000381469727
2019-05-23,19.237499237060547
2019-05-24,19.337499618530277
2019-05-27,19.287500381469727
2019-05-28,19.274999618530277
2019-05-29,19.1875
2019-05-30,19.350000381469727
2019-05-31,19.612499237060547
2019-06-03,19.637500762939453
2019-06-04,19.512500762939453
2019-06-05,19.575000762939453
2019-06-06,19.424999237060547
2019-06-10,19.762500762939453
2019-06-11,19.850000381469727
2019-06-12,19.924999237060547
2019-06-13,19.762500762939453
2019-06-14,19.725000381469727
2019-06-17,19.674999237060547
2019-06-18,19.725000381469727
2019-06-19,20.1875
2019-06-20,20.212499618530277
2019-06-21,20.212499618530277
2019-06-24,20.299999237060547
2019-06-25,20.1875
2019-06-26,20.087499618530277
2019-06-27,20.375
2019-06-28,20.225000381469727
2019-07-01,20.662500381469727
2019-07-02,20.612499237060547
2019-07-03,20.375
2019-07-04,20.5
2019-07-05,20.475000381469727
2019-07-08,20.399999618530277
2019-07-09,20.375
2019-07-10,20.549999237060547
2019-07-11,20.712499618530277
2019-07-12,20.6875
2019-07-15,20.799999237060547
2019-07-16,20.837499618530277
2019-07-17,20.700000762939453
2019-07-18,20.674999237060547
2019-07-19,20.75
2019-07-22,20.850000381469727
2019-07-23,20.899999618530277
2019-07-24,20.887500762939453
2019-07-25,20.950000762939453
2019-07-26,20.8125
2019-07-29,20.862499237060547
2019-07-30,20.799999237060547
2019-07-31,20.700000762939453
2019-08-01,20.575000762939453
2019-08-02,20.237499237060547
2019-08-05,20.037500381469727
2019-08-06,20.024999618530277
2019-08-07,19.924999237060547
2019-08-08,20.162500381469727
2019-08-12,20.149999618530277
2019-08-13,19.924999237060547
2019-08-14,20.075000762939453
2019-08-15,19.850000381469727
2019-08-16,20.087499618530277
2019-08-19,20.200000762939453
2019-08-20,20.25
2019-08-21,20.274999618530277
2019-08-22,20.225000381469727
2019-08-23,20.25
2019-08-26,19.912500381469727
2019-08-27,19.962499618530277
2019-08-28,20.100000381469727
2019-08-29,20.137500762939453
2019-08-30,20.462499618530277
2019-09-02,20.475000381469727
2019-09-03,20.299999237060547
2019-09-04,20.537500381469727
2019-09-05,20.75
2019-09-06,20.875
2019-09-10,20.850000381469727
2019-09-11,20.862499237060547
2019-09-12,20.975000381469727
2019-09-16,21.100000381469727
2019-09-17,21.0625
2019-09-18,21.237499237060547
2019-09-19,21.112499237060547
2019-09-20,21.174999237060547
2019-09-23,21.125
2019-09-24,21.162500381469727
2019-09-25,21.024999618530277
2019-09-26,21.075000762939453
2019-09-27,21.149999618530277
2019-10-01,21.487499237060547
2019-10-02,21.412500381469727
2019-10-03,21.200000762939453
2019-10-04,21.287500381469727
2019-10-07,21.362499237060547
2019-10-08,21.625
2019-10-09,21.450000762939453
2019-10-14,21.887500762939453
2019-10-15,21.924999237060547
2019-10-16,22.024999618530277
2019-10-17,22.037500381469727
2019-10-18,21.987499237060547
2019-10-21,21.962499618530277
2019-10-22,22.174999237060547
2019-10-23,22.112499237060547
2019-10-24,22.200000762939453
2019-10-25,22.200000762939453
2019-10-28,22.299999237060547
2019-10-29,22.362499237060547
2019-10-30,22.462499618530277
2019-10-31,22.524999618530277
2019-11-01,22.524999618530277
2019-11-04,23.049999237060547
2019-11-05,23.225000381469727
2019-11-06,23.337499618530277
2019-11-07,23.212499618530277
2019-11-08,23.137500762939453
2019-11-11,22.787500381469727
2019-11-12,23.0
2019-11-13,22.862499237060547
2019-11-14,22.850000381469727
2019-11-15,23.075000762939453
2019-11-18,23.225000381469727
2019-11-19,23.399999618530277
2019-11-20,23.3125
2019-11-21,23.125
2019-11-22,23.137500762939453
2019-11-25,23.149999618530277
2019-11-26,23.212499618530277
2019-11-27,23.299999237060547
2019-11-28,23.237499237060547
2019-11-29,22.875
2019-12-02,23.012500762939453
2019-12-03,23.012500762939453
2019-12-04,22.924999237060547
2019-12-05,23.225000381469727
2019-12-06,23.262500762939453
2019-12-09,23.412500381469727
2019-12-10,23.25
2019-12-11,23.4375
2019-12-12,23.962499618530277
2019-12-13,24.225000381469727
2019-12-16,24.212499618530277
2019-12-17,24.537500381469727
2019-12-18,24.549999237060547
2019-12-19,24.412500381469727
2019-12-20,24.237499237060547
2019-12-23,24.287500381469727
2019-12-24,24.299999237060547
2019-12-25,24.337499618530277
2019-12-26,24.337499618530277
2019-12-27,24.5
2019-12-30,24.450000762939453
2019-12-31,24.237499237060547
2020-01-02,24.412500381469727
2020-01-03,24.412500381469727
2020-01-06,24.100000381469727
2020-01-07,24.024999618530277
2020-01-08,23.912500381469727
2020-01-09,24.237499237060547
2020-01-10,24.325000762939453
2020-01-13,24.5
2020-01-14,24.649999618530277
2020-01-15,24.399999618530277
2020-01-16,24.325000762939453
2020-01-17,24.325000762939453
2020-01-20,24.424999237060547
2020-01-30,23.037500381469727
2020-01-31,22.487499237060547
2020-02-03,22.262500762939453
2020-02-04,22.649999618530277
2020-02-05,22.712499618530277
2020-02-06,23.075000762939453
2020-02-07,22.799999237060547
2020-02-10,22.75
2020-02-11,22.9375
2020-02-12,23.162500381469727
2020-02-13,23.200000762939453
2020-02-14,23.237499237060547
2020-02-17,23.075000762939453
2020-02-18,22.762500762939453
2020-02-19,23.024999618530277
2020-02-20,22.924999237060547
2020-02-21,22.8125
2020-02-24,22.524999618530277
2020-02-25,22.587499618530277
2020-02-26,22.362499237060547
2020-02-27,22.162500381469727
2020-03-02,21.837499618530277
2020-03-03,22.149999618530277
2020-03-04,22.299999237060547
2020-03-05,22.549999237060547
2020-03-06,22.087499618530277
2020-03-09,21.462499618530277
2020-03-10,21.575000762939453
2020-03-11,21.325000762939453
2020-03-12,20.537500381469727
2020-03-13,20.25
2020-03-16,19.325000762939453
2020-03-17,18.712499618530277
2020-03-18,18.200000762939453
2020-03-19,17.137500762939453
2020-03-20,18.5
2020-03-23,17.700000762939453
2020-03-24,18.5625
2020-03-25,19.212499618530277
2020-03-26,19.299999237060547
2020-03-27,19.149999618530277
2020-03-30,18.962499618530277
2020-03-31,19.037500381469727
2020-04-01,18.975000381469727
2020-04-06,19.262500762939453
2020-04-07,19.625
2020-04-08,19.899999618530277
2020-04-09,19.8125
2020-04-10,19.825000762939453
2020-04-13,19.700000762939453
2020-04-14,20.237499237060547
2020-04-15,20.299999237060547
2020-04-16,20.200000762939453
2020-04-17,20.8125
2020-04-20,20.75
2020-04-21,20.149999618530277
2020-04-22,20.149999618530277
2020-04-23,20.225000381469727
2020-04-24,20.225000381469727
2020-04-27,20.637500762939453
2020-04-28,20.637500762939453
2020-04-29,20.924999237060547
2020-04-30,21.375
2020-05-04,20.75
2020-05-05,20.850000381469727
2020-05-06,20.875
2020-05-07,20.962499618530277
2020-05-08,21.087499618530277
2020-05-11,21.262500762939453
2020-05-12,21.012500762939453
2020-05-13,21.075000762939453
2020-05-14,20.825000762939453
2020-05-15,20.962499618530277
2020-05-18,20.787500381469727
2020-05-19,20.975000381469727
2020-05-20,20.950000762939453
2020-05-21,21.125
2020-05-22,20.737499237060547
2020-05-25,20.875
2020-05-26,21.112499237060547
2020-05-27,21.087499618530277
2020-05-28,20.962499618530277
2020-05-29,21.112499237060547
2020-06-01,21.225000381469727
2020-06-02,21.325000762939453
2020-06-03,21.700000762939453
2020-06-04,21.899999618530277
2020-06-05,22.087499618530277
2020-06-08,22.375
2020-06-09,22.399999618530277
2020-06-10,22.612499237060547
2020-06-11,22.262500762939453
2020-06-12,22.0625
2020-06-15,21.75
2020-06-16,22.225000381469727
2020-06-17,22.25
2020-06-18,22.225000381469727
2020-06-19,22.212499618530277
2020-06-22,22.262500762939453
2020-06-23,22.362499237060547
2020-06-24,22.5
2020-06-29,22.274999618530277
2020-06-30,22.475000381469727
2020-07-01,22.625
2020-07-02,22.875
2020-07-03,23.137500762939453
2020-07-06,23.537500381469727
2020-07-07,23.625
2020-07-08,23.787500381469727
2020-07-09,23.862499237060547
2020-07-10,23.662500381469727
2020-07-13,24.012500762939453
2020-07-14,24.162500381469727
2020-07-15,24.262500762939453
2020-07-16,24.024999618530277
2020-07-17,24.299999237060547
2020-07-20,24.262500762939453
2020-07-21,24.674999237060547
2020-07-22,24.737499237060547
2020-07-23,24.712499618530277
2020-07-24,24.625
2020-07-27,25.825000762939453
2020-07-28,25.899999618530277
2020-07-29,25.637500762939453
2020-07-30,26.012500762939453
2020-07-31,25.950000762939453
2020-08-03,25.5
2020-08-04,25.825000762939453
2020-08-05,26.075000762939453
2020-08-06,26.350000381469727
2020-08-07,26.162500381469727
2020-08-10,26.399999618530277
2020-08-11,26.200000762939453
2020-08-12,25.8125
2020-08-13,26.0625
2020-08-14,26.125
2020-08-17,26.399999618530277
2020-08-18,26.25
2020-08-19,26.0625
2020-08-20,25.149999618530277
2020-08-21,25.700000762939453
2020-08-24,25.774999618530277
2020-08-25,25.975000381469727
2020-08-26,26.075000762939453
2020-08-27,26.137500762939453
2020-08-28,25.875
2020-08-31,25.450000762939453
2020-09-01,25.837499618530277
2020-09-02,25.75
2020-09-03,25.825000762939453
2020-09-04,25.637500762939453
2020-09-07,25.600000381469727
2020-09-08,25.75
2020-09-09,25.575000762939453
2020-09-10,25.799999237060547
2020-09-11,25.8125
2020-09-14,26.137500762939453
2020-09-15,26.237499237060547
2020-09-16,26.637500762939453
2020-09-17,26.350000381469727
2020-09-18,26.325000762939453
2020-09-21,26.112499237060547
2020-09-22,25.774999618530277
2020-09-23,25.737499237060547
2020-09-24,25.112499237060547
2020-09-25,25.162500381469727
2020-09-28,25.575000762939453
2020-09-29,25.637500762939453
2020-09-30,25.75
2020-10-05,25.762500762939453
2020-10-06,26.0625
2020-10-07,26.200000762939453
2020-10-08,26.549999237060547
2020-10-12,26.762500762939453
2020-10-13,26.774999618530277
2020-10-14,26.674999237060547
2020-10-15,26.424999237060547
2020-10-16,26.3125
2020-10-19,26.649999618530277
2020-10-20,26.5
2020-10-21,26.487499237060547
2020-10-22,26.524999618530277
2020-10-23,26.524999618530277
2020-10-26,26.524999618530277
2020-10-27,26.375
2020-10-28,26.25
2020-10-29,25.962499618530277
2020-10-30,25.75
2020-11-02,25.850000381469727
2020-11-03,26.149999618530277
2020-11-04,26.537500381469727
2020-11-05,26.512500762939453
2020-11-06,26.674999237060547
2020-11-09,27.024999618530277
2020-11-10,26.774999618530277
2020-11-11,27.1875
2020-11-12,27.200000762939453
2020-11-13,27.3125
2020-11-16,28.200000762939453
2020-11-17,28.399999618530277
2020-11-18,28.587499618530277
2020-11-19,28.537500381469727
2020-11-20,28.5
2020-11-23,28.862499237060547
2020-11-24,28.725000381469727
2020-11-25,28.487499237060547
2020-11-26,28.712499618530277
2020-11-27,28.662500381469727
2020-11-30,28.325000762939453
2020-12-01,28.575000762939453
2020-12-02,28.850000381469727
2020-12-03,28.850000381469727
2020-12-04,29.325000762939453
2020-12-07,29.600000381469727
2020-12-08,30.012500762939453
2020-12-09,30.012500762939453
2020-12-10,29.649999618530277
2020-12-11,29.6875
2020-12-14,29.5625
2020-12-15,29.262500762939453
2020-12-16,29.8125
2020-12-17,29.649999618530277
2020-12-18,29.549999237060547
2020-12-21,29.837499618530277
2020-12-22,29.5
2020-12-23,29.537500381469727
2020-12-24,29.700000762939453
2020-12-25,29.737499237060547
2020-12-28,30.0
2020-12-29,29.975000381469727
2020-12-30,30.399999618530277
2020-12-31,30.5625
2021-01-04,31.087499618530277
2021-01-05,31.149999618530277
2021-01-06,31.487499237060547
2021-01-07,32.224998474121094
2021-01-08,32.79999923706055
2021-01-11,33.07500076293945
2021-01-12,33.025001525878906
2021-01-13,33.82500076293945
2021-01-14,33.51250076293945
2021-01-15,33.625
2021-01-18,33.599998474121094
2021-01-19,34.48749923706055
2021-01-20,34.54999923706055
2021-01-21,35.75
2021-01-22,34.36249923706055
2021-01-25,33.900001525878906
2021-01-26,33.212501525878906
2021-01-27,33.26250076293945
2021-01-28,32.587501525878906
2021-01-29,32.04999923706055
2021-02-01,32.6875
2021-02-02,33.61249923706055
2021-02-03,33.587501525878906
2021-02-04,33.38750076293945
2021-02-05,33.70000076293945
2021-02-17,35.13750076293945
2021-02-18,35.087501525878906
2021-02-19,34.712501525878906
2021-02-22,34.70000076293945
2021-02-23,34.625
2021-02-24,34.11249923706055
2021-02-25,34.38750076293945
2021-02-26,33.349998474121094
2021-03-02,33.36249923706055
2021-03-03,33.849998474121094
2021-03-04,33.1875
2021-03-05,32.98749923706055
2021-03-08,32.962501525878906
2021-03-09,32.837501525878906
2021-03-10,32.974998474121094
2021-03-11,33.67499923706055
2021-03-12,33.8125
2021-03-15,33.724998474121094
2021-03-16,33.837501525878906
2021-03-17,33.54999923706055
2021-03-18,33.724998474121094
2021-03-19,33.20000076293945
2021-03-22,33.349998474121094
2021-03-23,33.400001525878906
2021-03-24,32.875
2021-03-25,32.98749923706055
2021-03-26,33.587501525878906
2021-03-29,33.86249923706055
2021-03-30,33.974998474121094
2021-03-31,33.6875
2021-04-01,33.9375
2021-04-07,34.45000076293945
2021-04-08,34.5625
2021-04-09,34.48749923706055
2021-04-12,34.287498474121094
2021-04-13,34.287498474121094
2021-04-14,34.474998474121094
2021-04-15,34.76250076293945
2021-04-16,34.8125
2021-04-19,34.875
2021-04-20,34.8125
2021-04-21,34.5
2021-04-22,34.474998474121094
2021-04-23,34.787498474121094
2021-04-26,35.29999923706055
2021-04-27,35.3125
2021-04-28,35.099998474121094
2021-04-29,35.150001525878906
2021-05-03,34.5625
2021-05-04,34.26250076293945
2021-05-05,33.9375
2021-05-06,34.23749923706055
2021-05-07,34.849998474121094
2021-05-10,34.61249923706055
2021-05-11,33.3125
2021-05-12,32.349998474121094
2021-05-13,31.875
2021-05-14,32.23749923706055
2021-05-17,31.625
2021-05-18,33.07500076293945
2021-05-19,32.849998474121094
2021-05-20,32.625
2021-05-21,33.087501525878906
2021-05-24,33.037498474121094
2021-05-25,33.599998474121094
2021-05-26,33.625
2021-05-27,33.38750076293945
2021-05-28,33.95000076293945
2021-05-31,34.275001525878906
2021-06-01,34.42499923706055
2021-06-02,34.42499923706055
2021-06-03,34.400001525878906
2021-06-04,34.23749923706055
2021-06-07,34.32500076293945
2021-06-08,34.125
2021-06-09,33.875
2021-06-10,34.400001525878906
2021-06-11,34.525001525878906
2021-06-15,34.712501525878906
2021-06-16,34.67499923706055
2021-06-17,34.57500076293945
2021-06-18,34.5
2021-06-21,33.67499923706055
2021-06-22,33.712501525878906
2021-06-23,34.26250076293945
2021-06-24,34.17499923706055
2021-06-25,34.23749923706055
2021-06-28,34.29999923706055
2021-06-29,34.400001525878906
2021-06-30,34.73749923706055
2021-07-01,34.57500076293945
2021-07-02,34.57500076293945
2021-07-05,34.900001525878906
2021-07-06,34.9375
2021-07-07,34.75
2021-07-08,34.712501525878906
2021-07-09,34.4375
2021-07-12,34.75
2021-07-13,35.037498474121094
2021-07-14,35.125
2021-07-15,35.45000076293945
2021-07-16,34.974998474121094
2021-07-19,34.57500076293945
2021-07-20,34.29999923706055
2021-07-21,34.17499923706055
2021-07-22,34.412498474121094
2021-07-23,34.412498474121094
2021-07-26,34.11249923706055
2021-07-27,34.099998474121094
2021-07-28,33.5625
2021-07-29,34.125
2021-07-30,34.01250076293945
2021-08-02,34.474998474121094
2021-08-03,34.61249923706055
2021-08-04,34.8125
2021-08-05,34.75
2021-08-06,34.70000076293945
2021-08-09,34.599998474121094
2021-08-10,34.412498474121094
2021-08-11,34.29999923706055
2021-08-12,34.23749923706055
2021-08-13,33.912498474121094
2021-08-16,33.837501525878906
2021-08-17,33.587501525878906
2021-08-18,33.724998474121094
2021-08-19,32.95000076293945
2021-08-20,32.6875
2021-08-23,33.587501525878906
2021-08-24,33.6875
2021-08-25,34.01250076293945
2021-08-26,34.25
2021-08-27,34.537498474121094
2021-08-30,34.875
2021-08-31,35.087501525878906
2021-09-01,35.25
2021-09-02,34.974998474121094
2021-09-03,35.474998474121094
2021-09-06,35.63750076293945
2021-09-07,35.474998474121094
2021-09-08,35.162498474121094
2021-09-09,35.07500076293945
2021-09-10,35.48749923706055
2021-09-13,35.36249923706055
2021-09-14,35.400001525878906
2021-09-15,35.1875
2021-09-16,35.025001525878906
2021-09-17,35.125
2021-09-22,34.29999923706055
2021-09-23,34.5
2021-09-24,34.912498474121094
2021-09-27,35.0
2021-09-28,34.75
2021-09-29,34.0
2021-09-30,34.26250076293945
2021-10-01,33.48749923706055
2021-10-04,33.287498474121094
2021-10-05,33.23749923706055
2021-10-06,33.25
2021-10-07,33.837501525878906
2021-10-08,33.54999923706055
2021-10-12,33.212501525878906
2021-10-13,33.099998474121094
2021-10-14,33.1875
2021-10-15,34.0625
2021-10-18,33.962501525878906
2021-10-19,34.23749923706055
2021-10-20,34.150001525878906
2021-10-21,34.025001525878906
2021-10-22,34.125
2021-10-25,34.099998474121094
2021-10-26,34.38750076293945
2021-10-27,34.38750076293945
2021-10-28,34.287498474121094
2021-10-29,33.95000076293945
2021-11-01,34.125
2021-11-02,34.0625
2021-11-03,34.150001525878906
2021-11-04,34.037498474121094
2021-11-05,34.525001525878906
2021-11-08,34.79999923706055
2021-11-09,35.17499923706055
2021-11-10,35.125
2021-11-11,34.8125
2021-11-12,34.92499923706055
2021-11-15,35.23749923706055
2021-11-16,35.29999923706055
2021-11-17,35.412498474121094
2021-11-18,35.61249923706055
2021-11-19,35.70000076293945
2021-11-22,35.61249923706055
2021-11-23,35.275001525878906
2021-11-24,35.125
2021-11-25,35.11249923706055
2021-11-26,34.537498474121094
2021-11-29,34.537498474121094
2021-11-30,34.5
2021-12-01,35.07500076293945
2021-12-02,35.45000076293945
2021-12-03,35.4375
2021-12-06,35.337501525878906
2021-12-07,35.45000076293945
2021-12-08,35.587501525878906
2021-12-09,35.5
2021-12-10,35.48749923706055
2021-12-13,35.375
2021-12-14,35.025001525878906
2021-12-15,35.07500076293945
2021-12-16,35.51250076293945
2021-12-17,35.474998474121094
2021-12-20,35.162498474121094
2021-12-21,35.462501525878906
2021-12-22,35.462501525878906
2021-12-23,35.662498474121094
2021-12-24,35.76250076293945
2021-12-27,36.03749847412109
2021-12-28,36.32500076293945
2021-12-29,36.48749923706055
2021-12-30,36.375
2022-01-03,36.59999847412109
2022-01-04,37.400001525878906
2022-01-05,37.32500076293945
2022-01-06,36.97499847412109
2022-01-07,36.650001525878906
2022-01-10,36.88750076293945
2022-01-11,37.07500076293945
2022-01-12,37.38750076293945
2022-01-13,37.57500076293945
2022-01-14,37.57500076293945
2022-01-17,38.0
2022-01-18,37.57500076293945
2022-01-19,37.125
2022-01-20,37.275001525878906
2022-01-21,35.662498474121094
2022-01-24,36.0
2022-01-25,35.412498474121094
2022-01-26,35.38750076293945
2022-02-07,35.57500076293945
2022-02-08,35.724998474121094
2022-02-09,35.849998474121094
2022-02-10,36.26250076293945
2022-02-11,36.23749923706055
2022-02-14,35.67499923706055
2022-02-15,35.51250076293945
2022-02-16,36.09999847412109
2022-02-17,36.125
2022-02-18,36.025001525878906
2022-02-21,35.95000076293945
2022-02-22,35.462501525878906
2022-02-23,35.5625
2022-02-24,34.70000076293945
2022-02-25,34.625
2022-03-01,35.11249923706055
2022-03-02,34.912498474121094
2022-03-03,34.98749923706055
2022-03-04,34.61249923706055
2022-03-07,33.5
2022-03-08,32.787498474121094
2022-03-09,33.125
2022-03-10,34.087501525878906
2022-03-11,33.599998474121094
2022-03-14,33.599998474121094
2022-03-15,32.912498474121094
2022-03-16,33.04999923706055
2022-03-17,34.099998474121094
2022-03-18,34.025001525878906
2022-03-21,34.25
2022-03-22,34.20000076293945
2022-03-23,34.525001525878906
2022-03-24,34.5
2022-03-25,34.54999923706055
2022-03-28,34.17499923706055
2022-03-29,34.212501525878906
2022-03-30,34.63750076293945
2022-03-31,34.525001525878906
2022-04-01,34.23749923706055
2022-04-06,34.0625
2022-04-07,33.45000076293945
2022-04-08,33.63750076293945
2022-04-11,33.11249923706055
2022-04-12,33.13750076293945
2022-04-13,33.76250076293945
2022-04-14,33.63750076293945
2022-04-15,33.0625
2022-04-18,32.88750076293945
2022-04-19,33.0
2022-04-20,33.162498474121094
2022-04-21,33.1875
2022-04-22,32.900001525878906
2022-04-25,32.3125
2022-04-26,32.3125
2022-04-27,31.637500762939453
2022-04-28,31.774999618530277
2022-04-29,32.1875
2022-05-03,31.950000762939453
2022-05-04,31.950000762939453
2022-05-05,32.3125
2022-05-06,31.662500381469727
2022-05-09,31.137500762939453
2022-05-10,31.0
2022-05-11,31.049999237060547
2022-05-12,30.3125
2022-05-13,30.587499618530277
2022-05-16,30.75
2022-05-17,31.087499618530277
2022-05-18,31.424999237060547
2022-05-19,30.825000762939453
2022-05-20,31.162500381469727
2022-05-23,31.225000381469727
2022-05-24,30.875
2022-05-25,31.112499237060547
2022-05-26,30.725000381469727
2022-05-27,31.375
2022-05-30,32.13750076293945
2022-05-31,32.45000076293945
2022-06-01,32.287498474121094
2022-06-02,31.950000762939453
2022-06-06,32.17499923706055
2022-06-07,31.850000381469727
2022-06-08,32.20000076293945
2022-06-09,32.099998474121094
2022-06-10,31.774999618530277
2022-06-13,30.887500762939453
2022-06-14,30.837499618530277
2022-06-15,30.6875
2022-06-16,30.625
2022-06-17,30.212499618530277
2022-06-20,29.9375
2022-06-21,30.549999237060547
2022-06-22,29.875
2022-06-23,29.475000381469727
2022-06-24,29.537500381469727
2022-06-27,30.237499237060547
2022-06-28,29.950000762939453
2022-06-29,29.700000762939453
2022-06-30,28.950000762939453
2022-07-01,27.887500762939453
2022-07-04,27.612499237060547
2022-07-05,27.75
2022-07-06,27.212499618530277
2022-07-07,28.024999618530277
2022-07-08,28.3125
2022-07-11,28.0625
2022-07-12,27.387500762939453
2022-07-13,28.362499237060547
2022-07-14,28.5
2022-07-15,28.875
2022-07-18,28.549999237060547
2022-07-19,28.575000762939453
2022-07-20,28.762500762939453
2022-07-21,29.087499618530277
2022-07-22,29.200000762939453
2022-07-25,29.174999237060547
2022-07-26,28.912500381469727
2022-07-27,29.174999237060547
2022-07-28,29.225000381469727
2022-07-29,29.5
2022-08-01,29.412500381469727
2022-08-02,28.887500762939453
2022-08-03,29.0625
2022-08-04,29.137500762939453
2022-08-05,29.875
2022-08-08,29.8125
2022-08-09,29.787500381469727
2022-08-10,29.475000381469727
2022-08-11,30.012500762939453
2022-08-12,30.200000762939453
2022-08-15,30.475000381469727
2022-08-16,30.524999618530277
2022-08-17,30.537500381469727
2022-08-18,30.337499618530277
2022-08-19,30.387500762939453
2022-08-22,30.012500762939453
2022-08-23,29.549999237060547
2022-08-24,29.475000381469727
2022-08-25,29.75
2022-08-26,29.899999618530277
2022-08-29,29.137500762939453
2022-08-30,29.1875
2022-08-31,29.399999618530277
2022-09-01,28.787500381469727
2022-09-02,28.475000381469727
2022-09-05,28.537500381469727
2022-09-06,28.725000381469727
2022-09-07,28.049999237060547
2022-09-08,28.25
2022-09-12,28.850000381469727
2022-09-13,29.0
2022-09-14,28.412500381469727
2022-09-15,28.462499618530277
2022-09-16,28.137500762939453
2022-09-19,28.012500762939453
2022-09-20,28.262500762939453
2022-09-21,28.024999618530277
2022-09-22,27.6875
2022-09-23,27.424999237060547
2022-09-26,26.912500381469727
2022-09-27,26.875
2022-09-28,26.3125
2022-09-29,26.225000381469727
2022-09-30,25.862499237060547
2022-10-03,25.549999237060547
2022-10-04,26.200000762939453
2022-10-05,26.8125
2022-10-06,27.0
2022-10-07,26.549999237060547
2022-10-11,25.174999237060547
2022-10-12,25.049999237060547
2022-10-13,24.75
2022-10-14,25.462499618530277
2022-10-17,24.987499237060547
2022-10-18,25.274999618530277
2022-10-19,24.9375
2022-10-20,24.799999237060547
2022-10-21,24.725000381469727
2022-10-24,24.649999618530277
2022-10-25,24.174999237060547
2022-10-26,24.399999618530277
2022-10-27,24.75
2022-10-28,24.4375
2022-10-31,24.762500762939453
2022-11-01,24.899999618530277
2022-11-02,25.0
2022-11-03,24.674999237060547
2022-11-04,24.712499618530277
2022-11-07,25.137500762939453
2022-11-08,25.399999618530277
2022-11-09,26.125
2022-11-10,25.875
2022-11-11,27.25
2022-11-14,27.5
2022-11-15,28.674999237060547
2022-11-16,28.625
2022-11-17,28.637500762939453
2022-11-18,28.5625
2022-11-21,28.462499618530277
2022-11-22,28.700000762939453
2022-11-23,28.899999618530277
2022-11-24,29.174999237060547
2022-11-25,29.174999237060547
2022-11-28,28.587499618530277
2022-11-29,28.850000381469727
2022-11-30,29.087499618530277
2022-12-01,29.587499618530277
2022-12-02,29.325000762939453
2022-12-05,29.362499237060547
2022-12-06,28.825000762939453
2022-12-07,28.649999618530277
2022-12-08,28.3125
2022-12-09,28.75
2022-12-12,28.475000381469727
2022-12-13,28.350000381469727
2022-12-14,28.700000762939453
2022-12-15,28.725000381469727
2022-12-16,28.25
2022-12-19,28.087499618530277
2022-12-20,27.575000762939453
2022-12-21,27.6875
2022-12-22,28.149999618530277
2022-12-23,27.674999237060547
2022-12-26,27.774999618530277
2022-12-27,27.899999618530277
2022-12-28,27.5
2022-12-29,27.375
2022-12-30,27.549999237060547
2023-01-03,27.6875
2023-01-04,27.625
2023-01-05,27.825000762939453
2023-01-06,27.950000762939453
2023-01-09,28.950000762939453
2023-01-10,29.0625
2023-01-11,29.087499618530277
2023-01-12,28.962499618530277
2023-01-13,29.299999237060547
2023-01-16,29.524999618530277
2023-01-17,29.524999618530277
2023-01-30,30.174999237060547
2023-01-31,29.575000762939453
2023-02-01,29.75
2023-02-02,30.25
2023-02-03,30.25
2023-02-06,29.8125
2023-02-07,29.75
2023-02-08,30.212499618530277
2023-02-09,30.225000381469727
2023-02-10,30.25
2023-02-13,30.1875
2023-02-14,30.412500381469727
2023-02-15,29.712499618530277
2023-02-16,30.075000762939453
2023-02-17,29.6875
2023-02-20,29.75
2023-02-21,29.737499237060547
2023-02-22,29.412500381469727
2023-02-23,29.850000381469727
2023-02-24,29.700000762939453
2023-03-01,29.837499618530277
2023-03-02,29.8125
2023-03-03,29.837499618530277
2023-03-06,30.125
2023-03-07,30.325000762939453
2023-03-08,30.075000762939453
2023-03-09,30.049999237060547
2023-03-10,29.575000762939453
2023-03-13,29.700000762939453
2023-03-14,29.375
2023-03-15,29.399999618530277
2023-03-16,29.262500762939453
2023-03-17,29.737499237060547
2023-03-20,29.524999618530277
2023-03-21,29.662500381469727
2023-03-22,30.225000381469727
2023-03-23,30.462499618530277
2023-03-24,30.549999237060547
2023-03-27,30.362499237060547
2023-03-28,30.100000381469727
2023-03-29,30.149999618530277
2023-03-30,30.299999237060547
2023-03-31,30.399999618530277
2023-04-06,30.25
2023-04-07,30.25
2023-04-10,30.25
2023-04-11,30.212499618530277
2023-04-12,30.137500762939453
2023-04-13,29.875
2023-04-14,30.162500381469727
2023-04-17,30.087499618530277
2023-04-18,29.987499237060547
2023-04-19,29.762500762939453
2023-04-20,29.725000381469727
2023-04-21,29.649999618530277
2023-04-24,29.537500381469727
2023-04-25,29.149999618530277
2023-04-26,29.024999618530277
2023-04-27,29.0
2023-04-28,29.350000381469727
2023-05-02,29.424999237060547
2023-05-03,29.299999237060547
2023-05-04,29.375
2023-05-05,29.450000762939453
2023-05-08,29.637500762939453
2023-05-09,29.725000381469727
2023-05-10,29.450000762939453
2023-05-11,29.387500762939453
2023-05-12,29.299999237060547
2023-05-15,29.299999237060547
2023-05-16,29.649999618530277
2023-05-17,30.137500762939453
2023-05-18,30.537500381469727
2023-05-19,30.625
2023-05-22,30.575000762939453
2023-05-23,30.549999237060547
2023-05-24,30.399999618530277
2023-05-25,30.762500762939453
2023-05-26,31.487499237060547
2023-05-29,31.6875
2023-05-30,31.6875
2023-05-31,31.537500381469727
2023-06-01,31.287500381469727
2023-06-02,31.6875
2023-06-05,31.587499618530277
2023-06-06,31.674999237060547
2023-06-07,32.025001525878906
2023-06-08,31.712499618530277
2023-06-09,31.950000762939453
2023-06-12,32.25
2023-06-13,32.88750076293945
2023-06-14,32.875
2023-06-15,32.974998474121094
2023-06-16,32.88750076293945
2023-06-19,32.8125
2023-06-20,32.63750076293945
2023-06-21,32.63750076293945
2023-06-26,32.4375
2023-06-27,32.224998474121094
2023-06-28,32.275001525878906
2023-06-29,32.26250076293945
2023-06-30,32.275001525878906
2023-07-03,32.67499923706055
2023-07-04,32.75
2023-07-05,32.70000076293945
2023-07-06,31.975000381469727
2023-07-07,31.924999237060547
2023-07-10,31.862499237060547
2023-07-11,32.29999923706055
2023-07-12,32.36249923706055
2023-07-13,32.724998474121094
2023-07-14,33.0625
2023-07-17,33.0
2023-07-18,32.462501525878906
2023-07-19,32.1875
2023-07-20,32.337501525878906
2023-07-21,31.799999237060547
2023-07-24,31.8125
2023-07-25,32.212501525878906
2023-07-26,32.125
2023-07-27,32.375
2023-07-28,32.375
2023-07-31,32.20000076293945
2023-08-01,32.36249923706055
2023-08-02,31.962499618530277
2023-08-04,31.8125
2023-08-07,32.125
2023-08-08,31.75
2023-08-09,31.799999237060547
2023-08-10,31.600000381469727
2023-08-11,31.575000762939453
2023-08-14,31.125
2023-08-15,31.174999237060547
2023-08-16,31.012500762939453
2023-08-17,31.149999618530277
2023-08-18,30.962499618530277
2023-08-21,30.75
2023-08-22,31.0
2023-08-23,31.212499618530277
2023-08-24,31.75
2023-08-25,31.137500762939453
2023-08-28,31.337499618530277
2023-08-29,31.512500762939453
2023-08-30,31.649999618530277
2023-08-31,31.424999237060547
2023-09-01,31.475000381469727
2023-09-04,31.6875
2023-09-05,31.612499237060547
2023-09-06,31.5
2023-09-07,31.212499618530277
2023-09-08,31.075000762939453
2023-09-11,30.950000762939453
2023-09-12,31.262500762939453
2023-09-13,31.299999237060547
2023-09-14,31.737499237060547
2023-09-15,31.837499618530277
2023-09-18,31.5
2023-09-19,31.362499237060547
2023-09-20,31.1875
2023-09-21,30.6875
2023-09-22,30.662500381469727
2023-09-25,30.887500762939453
2023-09-26,30.524999618530277
2023-09-27,30.537500381469727
2023-09-28,30.662500381469727
2023-10-02,31.0625
2023-10-03,30.875
2023-10-04,30.475000381469727
2023-10-05,30.912500381469727
2023-10-06,31.024999618530277
2023-10-11,31.5625
2023-10-12,31.825000762939453
2023-10-13,31.737499237060547
2023-10-16,31.5625
2023-10-17,31.637500762939453
2023-10-18,31.200000762939453
2023-10-19,31.212499618530277
2023-10-20,31.350000381469727
2023-10-23,30.962499618530277
2023-10-24,30.987499237060547
2023-10-25,31.049999237060547
2023-10-26,30.4375
2023-10-27,30.575000762939453
2023-10-30,30.5
2023-10-31,30.287500381469727
2023-11-01,30.4375
2023-11-02,31.125
2023-11-03,31.362499237060547
2023-11-06,31.637500762939453
2023-11-07,31.625
2023-11-08,31.799999237060547
2023-11-09,31.8125
2023-11-10,31.6875
2023-11-13,32.17499923706055
2023-11-14,32.25
2023-11-15,32.63750076293945
2023-11-16,32.650001525878906
2023-11-17,32.75
2023-11-20,32.73749923706055
2023-11-21,33.13750076293945
2023-11-22,32.837501525878906
2023-11-23,32.82500076293945
2023-11-24,32.79999923706055
2023-11-27,32.587501525878906
2023-11-28,32.8125
2023-11-29,32.787498474121094
2023-11-30,32.837501525878906
2023-12-01,32.95000076293945
2023-12-04,32.82500076293945
2023-12-05,32.587501525878906
2023-12-06,32.70000076293945
2023-12-07,32.5
2023-12-08,32.76250076293945
2023-12-11,32.79999923706055
2023-12-12,32.875
2023-12-13,32.88750076293945
2023-12-14,33.287498474121094
2023-12-15,33.42499923706055
2023-12-18,33.474998474121094
2023-12-19,33.349998474121094
2023-12-20,33.4375
2023-12-21,33.150001525878906
2023-12-22,33.23749923706055
2023-12-25,33.375
2023-12-26,33.5625
2023-12-27,33.9375
2023-12-28,33.9375
2023-12-29,33.86249923706055
2024-01-02,33.724998474121094
2024-01-03,33.13750076293945
2024-01-04,33.125
2024-01-05,33.037498474121094
2024-01-08,33.1875
2024-01-09,33.25
2024-01-10,33.07500076293945
2024-01-11,33.212501525878906
2024-01-12,33.162498474121094
2024-01-15,33.162498474121094
2024-01-16,32.912498474121094
2024-01-17,31.862499237060547
2024-01-18,32.07500076293945
2024-01-19,33.224998474121094
2024-01-22,33.45000076293945
2024-01-23,33.51250076293945
2024-01-24,33.5
2024-01-25,33.912498474121094
2024-01-26,33.912498474121094
2024-01-29,34.125
2024-01-30,34.037498474121094
2024-01-31,33.587501525878906
2024-02-01,33.587501525878906
2024-02-02,33.775001525878906
2024-02-05,33.98749923706055
2024-02-15,35.587501525878906
2024-02-16,35.32500076293945
2024-02-19,35.275001525878906
2024-02-20,35.412498474121094
2024-02-21,35.29999923706055
2024-02-22,35.70000076293945
2024-02-23,35.9375
2024-02-26,35.98749923706055
2024-02-27,35.837501525878906
2024-02-29,35.82500076293945
2024-03-01,35.70000076293945
2024-03-04,36.73749923706055
2024-03-05,37.03749847412109
2024-03-06,37.212501525878906
2024-03-07,38.07500076293945
2024-03-08,38.61249923706055
2024-03-11,38.22499847412109
2024-03-12,38.625
2024-03-13,38.8125
2024-03-14,38.775001525878906
2024-03-15,38.25
2024-03-18,38.59999847412109
2024-03-19,38.51250076293945
2024-03-20,38.29999923706055
2024-03-21,39.34999847412109
2024-03-22,39.29999923706055
2024-03-25,39.375
2024-03-26,39.400001525878906
2024-03-27,39.41249847412109
2024-03-28,39.22499847412109
2024-03-29,39.45000076293945
2024-04-01,39.34999847412109
2024-04-02,39.91249847412109
2024-04-03,39.63750076293945
2024-04-08,39.86249923706055
2024-04-09,40.8125
2024-04-10,40.75
2024-04-11,40.625
2024-04-12,40.525001525878906
2024-04-15,40.0
2024-04-16,38.91249847412109
2024-04-17,39.34999847412109
2024-04-18,39.73749923706055
2024-04-19,37.72499847412109
2024-04-22,37.61249923706055
2024-04-23,37.97499847412109
2024-04-24,39.087501525878906
2024-04-25,38.375
2024-04-26,39.0
2024-04-29,39.70000076293945
2024-04-30,39.5625
2024-05-02,39.03749847412109
2024-05-03,39.23749923706055
2024-05-06,39.79999923706055
2024-05-07,40.025001525878906
2024-05-08,40.17499923706055
2024-05-09,40.125
2024-05-10,40.41249847412109
2024-05-13,40.82500076293945
2024-05-14,41.09999847412109
2024-05-15,41.66249847412109
2024-05-16,41.86249923706055
2024-05-17,41.8125
2024-05-20,41.79999923706055
2024-05-21,41.75
2024-05-22,42.5
2024-05-23,42.82500076293945
2024-05-24,42.650001525878906
2024-05-27,43.23749923706055
2024-05-28,43.29999923706055
2024-05-29,42.712501525878906
2024-05-30,41.97499847412109
2024-05-31,41.5
2024-06-03,42.38750076293945
2024-06-04,41.712501525878906
2024-06-05,42.11249923706055
2024-06-06,43.54999923706055
2024-06-07,43.212501525878906
2024-06-11,43.32500076293945
2024-06-12,44.09999847412109
2024-06-13,44.73749923706055
2024-06-14,45.0
2024-06-17,45.0
2024-06-18,45.75
2024-06-19,46.98749923706055
2024-06-20,47.4375
2024-06-21,47.150001525878906
2024-06-24,46.0
2024-06-25,45.97499847412109
2024-06-26,46.337501525878906
2024-06-27,46.32500076293945
2024-06-28,46.61249923706055
2024-07-01,46.650001525878906
2024-07-02,46.337501525878906
2024-07-03,46.900001525878906
2024-07-04,48.125
2024-07-05,47.95000076293945
2024-07-08,49.462501525878906
2024-07-09,49.41249847412109
2024-07-10,49.587501525878906
2024-07-11,50.6875
2024-07-12,49.087501525878906
2024-07-15,49.17499923706055
2024-07-16,49.212501525878906
2024-07-17,48.525001525878906
2024-07-18,47.650001525878906
2024-07-19,46.5625
2024-07-22,45.17499923706055
2024-07-23,46.57500076293945
2024-07-26,44.75
2024-07-29,45.150001525878906
2024-07-30,45.150001525878906
2024-07-31,45.212501525878906
2024-08-01,46.0
2024-08-02,43.67499923706055
2024-08-05,39.6875
2024-08-06,41.875
2024-08-07,43.53749847412109
2024-08-08,42.63750076293945
2024-08-09,43.962501525878906
2024-08-12,44.51250076293945
2024-08-13,44.625
2024-08-14,45.1875
2024-08-15,44.837501525878906
2024-08-16,45.84999847412109
2024-08-19,45.91249847412109
2024-08-20,45.9375
2024-08-21,45.45000076293945
2024-08-22,45.212501525878906
2024-08-23,45.23749923706055
2024-08-26,45.3125
2024-08-27,45.11249923706055
2024-08-28,45.75
2024-08-29,45.125
2024-08-30,45.337501525878906
2024-09-02,45.212501525878906
2024-09-03,45.01250076293945
2024-09-04,42.8125
2024-09-05,43.07500076293945
2024-09-06,43.6875
2024-09-09,43.01250076293945
2024-09-10,43.087501525878906
2024-09-11,42.962501525878906
2024-09-12,44.57500076293945
2024-09-13,44.59999847412109
2024-09-16,44.6875
2024-09-18,44.462501525878906
2024-09-19,45.03749847412109
2024-09-20,45.61249923706055
2024-09-23,45.8125
2024-09-24,46.25
2024-09-25,46.9375
2024-09-26,47.32500076293945
2024-09-27,47.22499847412109
2024-09-30,45.98749923706055
2024-10-01,45.900001525878906
2024-10-04,45.900001525878906
2024-10-07,47.03749847412109
2024-10-08,46.8125
2024-10-09,47.25
2024-10-11,48.03749847412109
2024-10-14,48.07500076293945
2024-10-15,49.09999847412109
2024-10-16,48.25
2024-10-17,48.32500076293945
2024-10-18,49.525001525878906
2024-10-21,49.51250076293945
2024-10-22,49.32500076293945
2024-10-23,49.0
2024-10-24,48.70000076293945
2024-10-25,49.09999847412109
2024-10-28,49.01250076293945
2024-10-29,47.875
2024-10-30,47.95000076293945
2024-11-01,47.625
2024-11-04,48.23749923706055
2024-11-05,48.41249847412109
2024-11-06,48.79999923706055
2024-11-07,49.36249923706055
2024-11-08,49.75
2024-11-11,49.775001525878906
2024-11-12,48.5
2024-11-13,48.1875
2024-11-14,47.75
2024-11-15,48.087501525878906
2024-11-18,47.41249847412109
2024-11-19,48.0625
2024-11-20,47.86249923706055
2024-11-21,47.337501525878906
2024-11-22,48.26250076293945
2024-11-25,48.087501525878906
2024-11-26,47.462501525878906
2024-11-27,46.775001525878906
2024-11-28,46.70000076293945
2024-11-29,46.8125
2024-12-02,47.92499923706055
2024-12-03,48.57500076293945
2024-12-04,48.86249923706055
2024-12-05,49.125
2024-12-06,48.9375
2024-12-09,49.0
2024-12-10,48.650001525878906
2024-12-11,48.22499847412109
2024-12-12,48.78749847412109
2024-12-13,48.82500076293945
2024-12-16,49.025001525878906
2024-12-17,49.275001525878906
2024-12-18,49.275001525878906
2024-12-19,48.59999847412109
2024-12-20,48.150001525878906
2024-12-23,49.3125
2024-12-24,49.45000076293945
2024-12-25,49.59999847412109
2024-12-26,49.5625
2024-12-27,49.72499847412109
2024-12-30,49.45000076293945
2024-12-31,48.9375
2025-01-02,48.51250076293945
2025-01-03,49.0
2025-01-06,50.53749847412109
2025-01-07,51.09999847412109
2025-01-08,50.337501525878906
2025-01-09,49.76250076293945
2025-01-10,49.75
2025-01-13,48.59999847412109
2025-01-14,48.900001525878906
2025-01-15,48.525001525878906
2025-01-16,49.51250076293945
2025-01-17,49.07500076293945
2025-01-20,49.57500076293945
2025-01-21,49.67499923706055
2025-01-22,50.32500076293945
2025-02-03,48.17499923706055
2025-02-04,48.462501525878906
2025-02-05,49.20000076293945
2025-02-06,49.41249847412109
2025-02-07,49.63750076293945
2025-02-10,49.07500076293945
2025-02-11,49.375
2025-02-12,49.29999923706055
2025-02-13,49.087501525878906
2025-02-14,48.5
2025-02-17,49.23749923706055
2025-02-18,49.41249847412109
2025-02-19,49.32500076293945
2025-02-20,49.13750076293945
2025-02-21,49.48749923706055
2025-02-24,49.04999923706055
2025-02-25,48.41249847412109
2025-02-26,48.67499923706055
2025-02-27,48.125
2025-03-03,47.01250076293945
2025-03-04,46.70000076293945
2025-03-05,47.3125
2025-03-06,47.025001525878906
2025-03-07,46.587501525878906
2025-03-10,46.3125
2025-03-11,45.5
2025-03-12,45.70000076293945
2025-03-13,45.275001525878906
2025-03-14,45.125
2025-03-17,45.51250076293945
2025-03-18,45.70000076293945
2025-03-19,45.13750076293945
2025-03-20,46.11249923706055
2025-03-21,45.73749923706055
2025-03-24,45.6875
2025-03-25,46.16249847412109
2025-03-26,46.125
2025-03-27,45.25
2025-03-28,44.79999923706055
2025-03-31,43.1875
2025-04-01,44.07500076293945
2025-04-02,44.0
2025-04-07,39.59999847412109
2025-04-08,38.3125
2025-04-09,36.54999923706055
2025-04-10,40.20000076293945
2025-04-11,41.13750076293945
2025-04-14,40.92499923706055
2025-04-15,41.337501525878906
2025-04-16,40.587501525878906
2025-04-17,40.13750076293945
2025-04-18,40.22499847412109
2025-04-21,39.650001525878906
2025-04-22,38.98749923706055
2025-04-23,40.712501525878906
2025-04-24,40.47499847412109
2025-04-25,41.4375
2025-04-28,41.78749847412109
2025-04-29,41.95000076293945
2025-04-30,42.150001525878906
2025-05-02,43.375
2025-05-05,42.98749923706055
2025-05-06,42.75
2025-05-07,42.587501525878906
2025-05-08,43.150001525878906
2025-05-09,43.6875
2025-05-12,44.17499923706055
2025-05-13,44.712501525878906
2025-05-14,45.72499847412109
2025-05-15,45.625
2025-05-16,45.75
2025-05-19,45.11249923706055
2025-05-20,45.20000076293945
2025-05-21,45.900001525878906
2025-05-22,45.400001525878906
2025-05-23,45.212501525878906
2025-05-26,45.16249847412109
2025-05-27,44.76250076293945
2025-05-28,44.837501525878906
2025-05-29,44.9375
2025-06-02,43.97499847412109
2025-06-03,44.28749847412109
2025-06-04,45.32500076293945
2025-06-05,45.41249847412109
2025-06-06,45.48749923706055
2025-06-09,45.92499923706055
2025-06-10,47.16249847412109
2025-06-11,47.16249847412109
2025-06-12,47.16249847412109
2025-06-13,47.16249847412109
2025-06-16,47.16249847412109
2025-06-17,47.16249847412109
2025-06-18,47.56999969482422
2025-06-19,47.09999847412109
2025-06-20,47.02999877929688
2025-06-23,46.63999938964844
2025-06-24,47.4900016784668
2025-06-25,48.18000030517578
2025-06-26,48.2400016784668
2025-06-27,48.290000915527344
2025-06-30,48.36000061035156
2025-07-01,48.63999938964844
2025-07-02,48.650001525878906
2025-07-03,49.31999969482422
2025-07-04,48.86000061035156
2025-07-07,48.56999969482422
2025-07-08,48.34999847412109
2025-07-09,48.84999847412109
2025-07-10,49.40999984741211
2025-07-11,49.619998931884766
2025-07-14,49.33000183105469
2025-07-15,50.0
2025-07-16,50.400001525878906
2025-07-17,50.70000076293945
2025-07-18,51.45000076293945
2025-07-21,50.900001525878906
2025-07-22,50.54999923706055
2025-07-23,50.70000076293945
2025-07-24,51.0
2025-07-25,50.900001525878906
2025-07-28,51.04999923706055
2025-07-29,50.45000076293945
2025-07-30,51.0
2025-07-31,51.54999923706055
2025-08-01,51.09999847412109
2025-08-04,50.79999923706055
2025-08-05,51.45000076293945
2025-08-06,51.0
2025-08-07,52.45000076293945
2025-08-08,52.45000076293945
2025-08-11,52.84999847412109
2025-08-12,52.900001525878906
2025-08-13,53.34999847412109
2025-08-14,53.150001525878906
2025-08-15,53.150001525878906
2025-08-18,53.29999923706055
2025-08-19,53.20000076293945
2025-08-20,51.70000076293945
2025-08-21,52.0
2025-08-22,51.75
2025-08-25,52.70000076293945
2025-08-26,52.75
2025-08-27,53.0
2025-08-28,52.5
2025-08-29,52.5
2025-09-01,52.0
2025-09-02,52.0
2025-09-03,51.95000076293945
2025-09-04,52.29999923706055
2025-09-05,52.84999847412109
2025-09-08,53.34999847412109
2025-09-09,53.900001525878906
2025-09-10,54.95000076293945
2025-09-11,55.45000076293945
2025-09-12,56.0
2025-09-15,56.0
2025-09-16,56.75
2025-09-17,56.34999847412109
2025-09-18,56.95000076293945
2025-09-19,57.0
2025-09-22,57.400001525878906
2025-09-23,58.45000076293945
2025-09-24,58.400001525878906
2025-09-25,58.20000076293945
2025-09-26,57.25
2025-09-30,57.79999923706055
2025-10-01,58.09999847412109
2025-10-02,59.20000076293945
2025-10-03,60.04999923706055
2025-10-07,61.70000076293945
2025-10-08,61.150001525878906
2025-10-09,61.59999847412109
2025-10-13,61.0
2025-10-14,60.70000076293945
2025-10-15,61.79999923706055
2025-10-16,63.0
2025-10-17,62.04999923706055
2025-10-20,63.09999847412109
2025-10-21,63.20000076293945
2025-10-22,62.70000076293945
2025-10-23,62.34999847412109
2025-10-27,63.79999923706055
2025-10-28,63.34999847412109
2025-10-29,64.4000015258789
2025-10-30,64.4000015258789
2025-10-31,64.75
2025-11-03,64.1500015258789
2025-11-04,63.95000076293945
2025-11-05,63.150001525878906
2025-11-06,63.29999923706055
2025-11-07,62.54999923706055
2025-11-10,63.34999847412109
2025-11-11,62.900001525878906
2025-11-12,63.20000076293945
2025-11-13,62.900001525878906
2025-11-14,61.70000076293945
2025-11-17,61.900001525878906
2025-11-18,60.45000076293945
2025-11-19,60.04999923706055
2025-11-20,61.900001525878906
2025-11-21,59.84999847412109
2025-11-24,59.54999923706055
2025-11-25,60.34999847412109
2025-11-26,61.34999847412109
2025-11-27,61.900001525878906
2025-11-28,62.34999847412109
2025-12-01,61.5
2025-12-02,61.70000076293945
2025-12-03,62.29999923706055
2025-12-04,62.20000076293945
2025-12-05,62.75
2025-12-08,63.70000076293945
2025-12-09,63.59999847412109
2025-12-10,64.05000305175781
2025-12-11,63.34999847412109
2025-12-12,63.45000076293945
2025-12-15,62.79999923706055
2025-12-16,62.25
2025-12-17,61.900001525878906
2025-12-18,61.900001525878906
2025-12-19,62.5
2025-12-22,63.400001525878906
2025-12-23,63.70000076293945
2025-12-24,63.84999847412109
2025-12-26,64.4000015258789
2025-12-29,65.25
2025-12-30,65.1500015258789
2025-12-31,65.5999984741211
2026-01-02,66.94999694824219
2026-01-05,69.5
2026-01-06,70.4000015258789
2026-01-07,69.8499984741211
2026-01-08,70.0999984741211
2026-01-09,69.8499984741211
2026-01-12,70.3499984741211
2026-01-13,70.69999694824219
2026-01-14,70.75
2026-01-15,70.6500015258789
2026-01-16,72.0
2026-01-19,72.5999984741211
2026-01-20,72.5999984741211
2026-01-21,71.8499984741211
2026-01-22,71.80000305175781
2026-01-23,72.25
2026-01-26,72.25
2026-01-27,73.05000305175781
2026-01-28,74.19999694824219
2026-01-29,73.75
2026-01-30,72.5999984741211
2026-02-02,71.5
2026-02-03,72.94999694824219
2026-02-04,72.9000015258789
2026-02-05,72.0
2026-02-06,71.9000015258789
2026-02-09,73.94999694824219
2026-02-10,75.5
2026-02-11,77.19999694824219
2026-02-23,77.4000015258789
2026-02-24,79.4000015258789
2026-02-25,81.0999984741211
2026-02-26,81.1500015258789
2026-03-02,80.3499984741211
2026-03-03,78.75
2026-03-04,75.5999984741211
2026-03-05,77.4000015258789
2026-03-06,76.8499984741211
2026-03-09,73.5999984741211
2026-03-10,75.19999694824219
2026-03-11,78.19999694824219
2026-03-12,76.5999984741211
2026-03-13,75.94999694824219
2026-03-16,75.5999984741211
2026-03-17,76.6500015258789
2026-03-18,77.80000305175781
2026-03-19,76.0
2026-03-20,75.9000015258789
2026-03-23,74.25
2026-03-24,74.4000015258789
2026-03-25,76.19999694824219
2026-03-26,75.80000305175781
2026-03-27,75.0
2026-03-30,73.9000015258789
2026-03-31,72.3499984741211
2026-04-01,75.44999694824219
2026-04-02,73.94999694824219
2026-04-07,75.30000305175781
2026-04-08,79.19999694824219
2026-04-09,79.1500015258789
2026-04-10,80.75
2026-04-13,80.5999984741211
2026-04-14,83.0999984741211
2026-04-15,84.1500015258789
2026-04-16,85.0
2026-04-17,84.1500015258789
2026-04-20,84.55000305175781
2026-04-21,86.0
2026-04-22,86.3499984741211
2026-04-23,86.3499984741211
2026-04-24,89.94999694824219
2026-04-27,93.0
2026-04-28,92.0
2026-04-29,90.75
2026-04-30,90.5
2026-05-04,94.5999984741211
2026-05-05,94.5999984741211
2026-05-06,95.75
2026-05-07,97.6999969482422
2026-05-08,97.0
2026-05-11,96.9000015258789
2026-05-12,96.8499984741211
2026-05-13,95.5
2026-05-14,96.0500030517578
2026-05-15,95.4000015258789
2026-05-18,94.9000015258789
2026-05-19,93.0999984741211
2026-05-20,92.5
2026-05-21,95.8499984741211
2026-05-22,97.3000030517578
2026-05-25,100.8000030517578
2026-05-26,100.0999984741211
2026-05-27,102.5500030517578
2026-05-28,100.5
2026-05-29,105.4000015258789
2026-06-01,105.5
2026-06-02,105.6999969482422
2026-06-03,107.5999984741211
2026-06-04,106.0999984741211
2026-06-05,104.1500015258789
2026-06-08,100.9499969482422
2026-06-09,103.5
2026-06-10,100.25
2026-06-11,99.8499984741211
2026-06-12,101.9499969482422
2026-06-15,105.25
2026-06-16,105.9000015258789
2026-06-17,106.0
2026-06-18,107.3000030517578
2026-06-22,111.1500015258789
2026-06-23,110.0999984741211
2026-06-24,107.1500015258789
2026-06-25,107.1999969482422
2026-06-26,103.0999984741211
2026-06-29,104.4499969482422
2026-06-30,107.8000030517578
