日期,調整收盤價
2018-01-02,10710.730469
2018-01-03,10801.570312
2018-01-04,10848.629883
2018-01-05,10879.799805
2018-01-08,10915.750000
2018-01-09,10914.889648
2018-01-10,10831.089844
2018-01-11,10810.059570
2018-01-12,10883.959961
2018-01-15,10956.309570
2018-01-16,10986.110352
2018-01-17,11004.799805
2018-01-18,11071.570312
2018-01-19,11150.849609
2018-01-22,11231.459961
2018-01-23,11253.110352
2018-01-24,11152.160156
2018-01-25,11165.950195
2018-01-26,11147.099609
2018-01-29,11221.809570
2018-01-30,11076.780273
2018-01-31,11103.790039
2018-02-01,11160.250000
2018-02-02,11126.230469
2018-02-05,10946.250000
2018-02-06,10404.000000
2018-02-07,10551.540039
2018-02-08,10528.519531
2018-02-09,10371.750000
2018-02-12,10421.089844
2018-02-21,10714.440430
2018-02-22,10662.379883
2018-02-23,10794.549805
2018-02-26,10836.700195
2018-02-27,10815.469727
2018-03-01,10785.790039
2018-03-02,10698.169922
2018-03-05,10642.900391
2018-03-06,10784.339844
2018-03-07,10745.320312
2018-03-08,10823.240234
2018-03-09,10864.820312
2018-03-12,11002.099609
2018-03-13,11095.629883
2018-03-14,11038.799805
2018-03-15,11018.450195
2018-03-16,11027.700195
2018-03-19,11046.900391
2018-03-20,11010.839844
2018-03-21,11011.070312
2018-03-22,11005.839844
2018-03-23,10823.330078
2018-03-26,10840.049805
2018-03-27,10986.790039
2018-03-28,10865.660156
2018-03-29,10845.919922
2018-03-30,10906.219727
2018-04-02,10888.269531
2018-04-03,10821.530273
2018-04-09,10893.530273
2018-04-10,10927.179688
2018-04-11,10974.019531
2018-04-12,10955.290039
2018-04-13,10965.389648
2018-04-16,10954.549805
2018-04-17,10810.450195
2018-04-18,10847.889648
2018-04-19,10971.219727
2018-04-20,10779.379883
2018-04-23,10697.129883
2018-04-24,10579.500000
2018-04-25,10559.969727
2018-04-26,10488.580078
2018-04-27,10553.429688
2018-04-30,10657.879883
2018-05-02,10618.809570
2018-05-03,10514.179688
2018-05-04,10529.370117
2018-05-07,10604.910156
2018-05-08,10691.379883
2018-05-09,10703.349609
2018-05-10,10760.209961
2018-05-11,10858.980469
2018-05-14,10952.389648
2018-05-15,10874.730469
2018-05-16,10897.570312
2018-05-17,10833.809570
2018-05-18,10830.839844
2018-05-21,10966.200195
2018-05-22,10938.730469
2018-05-23,10886.179688
2018-05-24,10936.929688
2018-05-25,10942.299805
2018-05-28,10987.769531
2018-05-29,10964.120117
2018-05-30,10821.169922
2018-05-31,10874.959961
2018-06-01,10949.080078
2018-06-04,11109.500000
2018-06-05,11100.110352
2018-06-06,11201.830078
2018-06-07,11251.750000
2018-06-08,11156.419922
2018-06-11,11149.230469
2018-06-12,11144.790039
2018-06-13,11173.209961
2018-06-14,11013.980469
2018-06-15,11087.469727
2018-06-19,10904.190430
2018-06-20,10927.440430
2018-06-21,10941.070312
2018-06-22,10899.280273
2018-06-25,10786.459961
2018-06-26,10742.169922
2018-06-27,10701.030273
2018-06-28,10654.280273
2018-06-29,10836.910156
2018-07-02,10777.940430
2018-07-03,10715.719727
2018-07-04,10721.870117
2018-07-05,10611.809570
2018-07-06,10608.570312
2018-07-09,10720.280273
2018-07-10,10756.889648
2018-07-11,10676.839844
2018-07-12,10738.379883
2018-07-13,10864.540039
2018-07-16,10817.450195
2018-07-17,10778.990234
2018-07-18,10842.459961
2018-07-19,10835.379883
2018-07-20,10932.110352
2018-07-23,10946.889648
2018-07-24,10995.389648
2018-07-25,10965.790039
2018-07-26,11010.610352
2018-07-27,11075.780273
2018-07-30,11033.540039
2018-07-31,11057.509766
2018-08-01,11098.129883
2018-08-02,10929.769531
2018-08-03,11012.429688
2018-08-06,11024.099609
2018-08-07,10983.440430
2018-08-08,11075.250000
2018-08-09,11028.070312
2018-08-10,10983.679688
2018-08-13,10748.919922
2018-08-14,10824.230469
2018-08-15,10716.750000
2018-08-16,10683.900391
2018-08-17,10690.959961
2018-08-20,10699.049805
2018-08-21,10792.200195
2018-08-22,10804.200195
2018-08-23,10863.129883
2018-08-24,10809.349609
2018-08-27,10902.209961
2018-08-28,10989.549805
2018-08-29,11099.570312
2018-08-30,11093.750000
2018-08-31,11063.940430
2018-09-03,10964.219727
2018-09-04,11021.379883
2018-09-05,10995.129883
2018-09-06,10924.299805
2018-09-07,10846.990234
2018-09-10,10725.799805
2018-09-11,10752.299805
2018-09-12,10722.570312
2018-09-13,10727.230469
2018-09-14,10868.139648
2018-09-17,10828.610352
2018-09-18,10760.209961
2018-09-19,10857.269531
2018-09-20,10831.410156
2018-09-21,10972.410156
2018-09-25,10978.849609
2018-09-26,10974.190430
2018-09-27,11034.190430
2018-09-28,11006.339844
2018-10-01,11051.799805
2018-10-02,10919.629883
2018-10-03,10863.940430
2018-10-04,10718.910156
2018-10-05,10517.120117
2018-10-08,10455.929688
2018-10-09,10466.830078
2018-10-11,9806.110352
2018-10-12,10045.809570
2018-10-15,9901.120117
2018-10-16,9981.099609
2018-10-17,9979.139648
2018-10-18,9953.730469
2018-10-19,9919.259766
2018-10-22,9974.280273
2018-10-23,9775.200195
2018-10-24,9759.400391
2018-10-25,9520.790039
2018-10-26,9489.179688
2018-10-29,9516.320312
2018-10-30,9526.110352
2018-10-31,9802.129883
2018-11-01,9844.740234
2018-11-02,9906.589844
2018-11-05,9889.809570
2018-11-06,9824.950195
2018-11-07,9908.349609
2018-11-08,9945.309570
2018-11-09,9830.009766
2018-11-12,9831.209961
2018-11-13,9775.839844
2018-11-14,9791.879883
2018-11-15,9826.459961
2018-11-16,9797.089844
2018-11-19,9828.690430
2018-11-20,9743.990234
2018-11-21,9741.519531
2018-11-22,9714.709961
2018-11-23,9667.299805
2018-11-26,9765.360352
2018-11-27,9778.620117
2018-11-28,9884.309570
2018-11-29,9885.360352
2018-11-30,9888.030273
2018-12-03,10137.870117
2018-12-04,10083.540039
2018-12-05,9916.740234
2018-12-06,9684.719727
2018-12-07,9760.879883
2018-12-10,9647.540039
2018-12-11,9707.040039
2018-12-12,9816.450195
2018-12-13,9858.759766
2018-12-14,9774.160156
2018-12-17,9787.530273
2018-12-18,9718.820312
2018-12-19,9783.209961
2018-12-20,9674.519531
2018-12-21,9676.669922
2018-12-24,9639.700195
2018-12-25,9527.089844
2018-12-26,9478.990234
2018-12-27,9641.559570
2018-12-28,9727.410156
2019-01-02,9554.139648
2019-01-03,9492.419922
2019-01-04,9382.509766
2019-01-07,9590.299805
2019-01-08,9563.599609
2019-01-09,9738.309570
2019-01-10,9720.690430
2019-01-11,9759.400391
2019-01-14,9708.219727
2019-01-15,9806.040039
2019-01-16,9763.809570
2019-01-17,9789.150391
2019-01-18,9836.059570
2019-01-21,9889.400391
2019-01-22,9894.660156
2019-01-23,9846.400391
2019-01-24,9877.120117
2019-01-25,9969.610352
2019-01-28,10013.330078
2019-01-29,9931.589844
2019-01-30,9932.259766
2019-02-11,10004.250000
2019-02-12,10097.740234
2019-02-13,10090.580078
2019-02-14,10089.009766
2019-02-15,10064.780273
2019-02-18,10145.280273
2019-02-19,10152.259766
2019-02-20,10272.459961
2019-02-21,10319.530273
2019-02-22,10322.919922
2019-02-25,10390.929688
2019-02-26,10391.549805
2019-02-27,10389.169922
2019-03-04,10349.879883
2019-03-05,10305.259766
2019-03-06,10357.150391
2019-03-07,10311.679688
2019-03-08,10241.750000
2019-03-11,10250.280273
2019-03-12,10343.330078
2019-03-13,10373.320312
2019-03-14,10348.650391
2019-03-15,10439.240234
2019-03-18,10512.700195
2019-03-19,10512.320312
2019-03-20,10551.559570
2019-03-21,10609.549805
2019-03-22,10639.070312
2019-03-25,10479.480469
2019-03-26,10559.200195
2019-03-27,10542.700195
2019-03-28,10536.259766
2019-03-29,10641.040039
2019-04-01,10642.629883
2019-04-02,10690.299805
2019-04-03,10704.379883
2019-04-08,10800.570312
2019-04-09,10851.599609
2019-04-10,10868.139648
2019-04-11,10808.769531
2019-04-12,10805.299805
2019-04-15,10875.599609
2019-04-16,10927.849609
2019-04-17,10997.259766
2019-04-18,10962.019531
2019-04-19,10968.500000
2019-04-22,10987.709961
2019-04-23,11025.679688
2019-04-24,11027.639648
2019-04-25,11039.860352
2019-04-26,10952.469727
2019-04-29,10939.059570
2019-04-30,10967.730469
2019-05-02,11004.490234
2019-05-03,11096.299805
2019-05-06,10897.120117
2019-05-07,10987.139648
2019-05-08,10923.709961
2019-05-09,10733.669922
2019-05-10,10712.990234
2019-05-13,10558.290039
2019-05-14,10519.250000
2019-05-15,10560.709961
2019-05-16,10474.610352
2019-05-17,10384.110352
2019-05-20,10398.410156
2019-05-21,10464.500000
2019-05-22,10457.219727
2019-05-23,10308.370117
2019-05-24,10328.280273
2019-05-27,10334.129883
2019-05-28,10312.309570
2019-05-29,10301.780273
2019-05-30,10382.990234
2019-05-31,10498.490234
2019-06-03,10500.070312
2019-06-04,10429.120117
2019-06-05,10461.620117
2019-06-06,10409.200195
2019-06-10,10566.469727
2019-06-11,10607.759766
2019-06-12,10615.660156
2019-06-13,10561.009766
2019-06-14,10524.669922
2019-06-17,10530.540039
2019-06-18,10566.740234
2019-06-19,10775.339844
2019-06-20,10785.009766
2019-06-21,10803.769531
2019-06-24,10779.450195
2019-06-25,10706.719727
2019-06-26,10652.549805
2019-06-27,10773.900391
2019-06-28,10730.830078
2019-07-01,10895.459961
2019-07-02,10865.120117
2019-07-03,10743.769531
2019-07-04,10775.900391
2019-07-05,10785.730469
2019-07-08,10751.219727
2019-07-09,10702.780273
2019-07-10,10798.480469
2019-07-11,10843.419922
2019-07-12,10824.349609
2019-07-15,10876.429688
2019-07-16,10886.049805
2019-07-17,10828.480469
2019-07-18,10799.280273
2019-07-19,10873.190430
2019-07-22,10944.530273
2019-07-23,10947.259766
2019-07-24,10935.759766
2019-07-25,10941.410156
2019-07-26,10891.980469
2019-07-29,10885.730469
2019-07-30,10830.900391
2019-07-31,10823.809570
2019-08-01,10731.750000
2019-08-02,10549.040039
2019-08-05,10423.410156
2019-08-06,10394.750000
2019-08-07,10386.179688
2019-08-08,10494.490234
2019-08-12,10472.360352
2019-08-13,10362.660156
2019-08-14,10427.730469
2019-08-15,10327.129883
2019-08-16,10420.889648
2019-08-19,10488.750000
2019-08-20,10522.500000
2019-08-21,10525.799805
2019-08-22,10529.780273
2019-08-23,10538.110352
2019-08-26,10354.570312
2019-08-27,10387.230469
2019-08-28,10434.290039
2019-08-29,10462.429688
2019-08-30,10618.049805
2019-09-02,10634.849609
2019-09-03,10558.209961
2019-09-04,10657.309570
2019-09-05,10756.929688
2019-09-06,10780.639648
2019-09-10,10753.580078
2019-09-11,10790.349609
2019-09-12,10827.549805
2019-09-16,10898.129883
2019-09-17,10874.500000
2019-09-18,10929.450195
2019-09-19,10894.700195
2019-09-20,10929.690430
2019-09-23,10919.019531
2019-09-24,10918.009766
2019-09-25,10873.690430
2019-09-26,10871.990234
2019-09-27,10829.679688
2019-10-01,10967.650391
2019-10-02,10947.879883
2019-10-03,10875.910156
2019-10-04,10894.480469
2019-10-07,10935.059570
2019-10-08,11017.309570
2019-10-09,10889.959961
2019-10-14,11066.950195
2019-10-15,11111.799805
2019-10-16,11162.830078
2019-10-17,11186.879883
2019-10-18,11180.219727
2019-10-21,11184.150391
2019-10-22,11271.250000
2019-10-23,11239.669922
2019-10-24,11320.139648
2019-10-25,11296.120117
2019-10-28,11315.019531
2019-10-29,11333.870117
2019-10-30,11380.280273
2019-10-31,11358.709961
2019-11-01,11399.530273
2019-11-04,11556.849609
2019-11-05,11644.030273
2019-11-06,11653.070312
2019-11-07,11606.559570
2019-11-08,11579.540039
2019-11-11,11427.280273
2019-11-12,11520.370117
2019-11-13,11467.830078
2019-11-14,11450.419922
2019-11-15,11525.599609
2019-11-18,11599.780273
2019-11-19,11656.400391
2019-11-20,11631.200195
2019-11-21,11558.269531
2019-11-22,11566.799805
2019-11-25,11561.580078
2019-11-26,11576.820312
2019-11-27,11647.459961
2019-11-28,11617.080078
2019-11-29,11489.570312
2019-12-02,11502.830078
2019-12-03,11531.580078
2019-12-04,11510.469727
2019-12-05,11594.650391
2019-12-06,11609.639648
2019-12-09,11660.769531
2019-12-10,11627.839844
2019-12-11,11700.769531
2019-12-12,11836.419922
2019-12-13,11927.730469
2019-12-16,11939.769531
2019-12-17,12097.009766
2019-12-18,12122.450195
2019-12-19,12018.900391
2019-12-20,11959.080078
2019-12-23,12022.230469
2019-12-24,11976.379883
2019-12-25,12008.129883
2019-12-26,12001.009766
2019-12-27,12091.589844
2019-12-30,12053.370117
2019-12-31,11997.139648
2020-01-02,12100.480469
2020-01-03,12110.429688
2020-01-06,11953.360352
2020-01-07,11880.320312
2020-01-08,11817.099609
2020-01-09,11970.629883
2020-01-10,12024.650391
2020-01-13,12113.419922
2020-01-14,12179.809570
2020-01-15,12091.879883
2020-01-16,12066.929688
2020-01-17,12090.290039
2020-01-20,12118.709961
2020-01-30,11421.740234
2020-01-31,11495.099609
2020-02-03,11354.919922
2020-02-04,11555.919922
2020-02-05,11573.620117
2020-02-06,11749.679688
2020-02-07,11612.809570
2020-02-10,11574.070312
2020-02-11,11664.040039
2020-02-12,11774.190430
2020-02-13,11791.780273
2020-02-14,11815.700195
2020-02-17,11763.509766
2020-02-18,11648.980469
2020-02-19,11758.839844
2020-02-20,11725.089844
2020-02-21,11686.349609
2020-02-24,11534.870117
2020-02-25,11540.230469
2020-02-26,11433.620117
2020-02-27,11292.169922
2020-03-02,11170.459961
2020-03-03,11327.719727
2020-03-04,11392.349609
2020-03-05,11514.820312
2020-03-06,11321.809570
2020-03-09,10977.639648
2020-03-10,11003.540039
2020-03-11,10893.750000
2020-03-12,10422.320312
2020-03-13,10128.870117
2020-03-16,9717.769531
2020-03-17,9439.629883
2020-03-18,9218.669922
2020-03-19,8681.339844
2020-03-20,9234.089844
2020-03-23,8890.030273
2020-03-24,9285.620117
2020-03-25,9644.750000
2020-03-26,9736.360352
2020-03-27,9698.919922
2020-03-30,9629.429688
2020-03-31,9708.059570
2020-04-01,9663.629883
2020-04-06,9818.740234
2020-04-07,9996.389648
2020-04-08,10137.469727
2020-04-09,10119.429688
2020-04-10,10157.610352
2020-04-13,10099.219727
2020-04-14,10332.940430
2020-04-15,10447.209961
2020-04-16,10375.480469
2020-04-17,10597.040039
2020-04-20,10586.709961
2020-04-21,10288.419922
2020-04-22,10307.740234
2020-04-23,10366.509766
2020-04-24,10347.360352
2020-04-27,10567.269531
2020-04-28,10616.059570
2020-04-29,10772.219727
2020-04-30,10992.139648
2020-05-04,10720.480469
2020-05-05,10774.610352
2020-05-06,10774.980469
2020-05-07,10842.919922
2020-05-08,10901.419922
2020-05-11,11013.259766
2020-05-12,10879.469727
2020-05-13,10938.269531
2020-05-14,10780.879883
2020-05-15,10814.919922
2020-05-18,10740.549805
2020-05-19,10860.440430
2020-05-20,10907.799805
2020-05-21,11008.309570
2020-05-22,10811.150391
2020-05-25,10871.179688
2020-05-26,10997.209961
2020-05-27,11014.660156
2020-05-28,10944.190430
2020-05-29,10942.160156
2020-06-01,11079.019531
2020-06-02,11127.929688
2020-06-03,11320.160156
2020-06-04,11393.230469
2020-06-05,11479.400391
2020-06-08,11610.320312
2020-06-09,11637.110352
2020-06-10,11720.160156
2020-06-11,11535.769531
2020-06-12,11429.940430
2020-06-15,11306.259766
2020-06-16,11511.639648
2020-06-17,11534.589844
2020-06-18,11548.330078
2020-06-19,11549.860352
2020-06-22,11572.929688
2020-06-23,11612.360352
2020-06-24,11660.669922
2020-06-29,11542.620117
2020-06-30,11621.240234
2020-07-01,11703.419922
2020-07-02,11805.139648
2020-07-03,11909.160156
2020-07-06,12116.700195
2020-07-07,12092.969727
2020-07-08,12170.190430
2020-07-09,12192.690430
2020-07-10,12073.679688
2020-07-13,12211.559570
2020-07-14,12209.009766
2020-07-15,12202.849609
2020-07-16,12157.740234
2020-07-17,12181.559570
2020-07-20,12174.540039
2020-07-21,12397.549805
2020-07-22,12473.269531
2020-07-23,12413.040039
2020-07-24,12304.040039
2020-07-27,12588.299805
2020-07-28,12586.730469
2020-07-29,12540.969727
2020-07-30,12722.919922
2020-07-31,12664.799805
2020-08-03,12513.030273
2020-08-04,12709.919922
2020-08-05,12802.299805
2020-08-06,12913.500000
2020-08-07,12828.870117
2020-08-10,12894.000000
2020-08-11,12780.190430
2020-08-12,12670.349609
2020-08-13,12763.129883
2020-08-14,12795.459961
2020-08-17,12956.110352
2020-08-18,12872.139648
2020-08-19,12778.639648
2020-08-20,12362.639648
2020-08-21,12607.839844
2020-08-24,12647.129883
2020-08-25,12758.250000
2020-08-26,12833.290039
2020-08-27,12797.309570
2020-08-28,12728.849609
2020-08-31,12591.450195
2020-09-01,12703.280273
2020-09-02,12699.500000
2020-09-03,12757.969727
2020-09-04,12637.950195
2020-09-07,12601.400391
2020-09-08,12663.559570
2020-09-09,12608.580078
2020-09-10,12691.750000
2020-09-11,12675.950195
2020-09-14,12787.820312
2020-09-15,12845.650391
2020-09-16,12976.759766
2020-09-17,12872.740234
2020-09-18,12875.620117
2020-09-21,12795.120117
2020-09-22,12645.509766
2020-09-23,12583.879883
2020-09-24,12264.379883
2020-09-25,12232.910156
2020-09-28,12462.759766
2020-09-29,12467.730469
2020-09-30,12515.610352
2020-10-05,12548.280273
2020-10-06,12704.230469
2020-10-07,12746.370117
2020-10-08,12887.190430
2020-10-12,12955.910156
2020-10-13,12947.129883
2020-10-14,12919.309570
2020-10-15,12827.820312
2020-10-16,12750.370117
2020-10-19,12908.339844
2020-10-20,12862.370117
2020-10-21,12877.250000
2020-10-22,12917.030273
2020-10-23,12898.820312
2020-10-26,12909.030273
2020-10-27,12875.009766
2020-10-28,12793.750000
2020-10-29,12662.910156
2020-10-30,12546.339844
2020-11-02,12591.309570
2020-11-03,12736.009766
2020-11-04,12867.900391
2020-11-05,12918.799805
2020-11-06,12973.530273
2020-11-09,13127.469727
2020-11-10,13081.719727
2020-11-11,13262.190430
2020-11-12,13221.780273
2020-11-13,13273.330078
2020-11-16,13551.830078
2020-11-17,13593.009766
2020-11-18,13773.290039
2020-11-19,13722.429688
2020-11-20,13716.440430
2020-11-23,13878.009766
2020-11-24,13807.129883
2020-11-25,13738.830078
2020-11-26,13845.660156
2020-11-27,13867.089844
2020-11-30,13722.889648
2020-12-01,13885.669922
2020-12-02,13989.139648
2020-12-03,13977.089844
2020-12-04,14132.440430
2020-12-07,14256.599609
2020-12-08,14360.400391
2020-12-09,14390.139648
2020-12-10,14249.490234
2020-12-11,14261.690430
2020-12-14,14211.049805
2020-12-15,14068.519531
2020-12-16,14304.459961
2020-12-17,14258.929688
2020-12-18,14249.959961
2020-12-21,14384.959961
2020-12-22,14177.459961
2020-12-23,14223.089844
2020-12-24,14280.280273
2020-12-25,14331.419922
2020-12-28,14483.070312
2020-12-29,14472.049805
2020-12-30,14687.700195
2020-12-31,14732.530273
2021-01-04,14902.030273
2021-01-05,15000.030273
2021-01-06,14983.129883
2021-01-07,15214.000000
2021-01-08,15463.950195
2021-01-11,15557.299805
2021-01-12,15500.700195
2021-01-13,15769.980469
2021-01-14,15707.190430
2021-01-15,15616.389648
2021-01-18,15612.000000
2021-01-19,15877.370117
2021-01-20,15806.179688
2021-01-21,16153.769531
2021-01-22,16019.030273
2021-01-25,15946.540039
2021-01-26,15658.849609
2021-01-27,15701.450195
2021-01-28,15415.879883
2021-01-29,15138.309570
2021-02-01,15410.089844
2021-02-02,15760.049805
2021-02-03,15771.320312
2021-02-04,15706.219727
2021-02-05,15802.400391
2021-02-17,16362.290039
2021-02-18,16424.509766
2021-02-19,16341.379883
2021-02-22,16410.160156
2021-02-23,16443.400391
2021-02-24,16212.530273
2021-02-25,16452.179688
2021-02-26,15953.799805
2021-03-02,15946.879883
2021-03-03,16211.730469
2021-03-04,15906.410156
2021-03-05,15855.230469
2021-03-08,15820.110352
2021-03-09,15853.089844
2021-03-10,15911.669922
2021-03-11,16179.559570
2021-03-12,16255.179688
2021-03-15,16249.330078
2021-03-16,16313.160156
2021-03-17,16215.820312
2021-03-18,16287.839844
2021-03-19,16070.240234
2021-03-22,16189.219727
2021-03-23,16177.589844
2021-03-24,16032.120117
2021-03-25,16060.139648
2021-03-26,16305.879883
2021-03-29,16475.970703
2021-03-30,16554.900391
2021-03-31,16431.130859
2021-04-01,16571.279297
2021-04-07,16815.359375
2021-04-08,16926.439453
2021-04-09,16854.099609
2021-04-12,16859.699219
2021-04-13,16824.910156
2021-04-14,16865.970703
2021-04-15,17076.730469
2021-04-16,17158.810547
2021-04-19,17263.279297
2021-04-20,17323.869141
2021-04-21,17202.109375
2021-04-22,17096.970703
2021-04-23,17300.269531
2021-04-26,17572.289062
2021-04-27,17595.900391
2021-04-28,17567.529297
2021-04-29,17566.660156
2021-05-03,17222.349609
2021-05-04,16933.779297
2021-05-05,16843.439453
2021-05-06,16994.359375
2021-05-07,17285.000000
2021-05-10,17235.609375
2021-05-11,16583.130859
2021-05-12,15902.370117
2021-05-13,15670.099609
2021-05-14,15827.089844
2021-05-17,15353.889648
2021-05-18,16145.980469
2021-05-19,16132.660156
2021-05-20,16042.360352
2021-05-21,16302.059570
2021-05-24,16338.290039
2021-05-25,16595.669922
2021-05-26,16643.689453
2021-05-27,16601.609375
2021-05-28,16870.859375
2021-05-31,17068.429688
2021-06-01,17162.380859
2021-06-02,17165.039062
2021-06-03,17246.160156
2021-06-04,17147.410156
2021-06-07,17083.910156
2021-06-08,17076.210938
2021-06-09,16966.220703
2021-06-10,17159.220703
2021-06-11,17213.519531
2021-06-15,17371.289062
2021-06-16,17307.859375
2021-06-17,17390.609375
2021-06-18,17318.539062
2021-06-21,17062.980469
2021-06-22,17075.550781
2021-06-23,17336.710938
2021-06-24,17407.960938
2021-06-25,17502.990234
2021-06-28,17590.970703
2021-06-29,17598.189453
2021-06-30,17755.460938
2021-07-01,17713.939453
2021-07-02,17710.150391
2021-07-05,17919.330078
2021-07-06,17913.070312
2021-07-07,17850.689453
2021-07-08,17866.089844
2021-07-09,17661.480469
2021-07-12,17814.330078
2021-07-13,17847.519531
2021-07-14,17845.750000
2021-07-15,18034.189453
2021-07-16,17895.250000
2021-07-19,17789.250000
2021-07-20,17528.740234
2021-07-21,17458.789062
2021-07-22,17572.330078
2021-07-23,17572.919922
2021-07-26,17403.560547
2021-07-27,17269.869141
2021-07-28,17135.220703
2021-07-29,17402.810547
2021-07-30,17247.410156
2021-08-02,17503.279297
2021-08-03,17553.759766
2021-08-04,17623.890625
2021-08-05,17603.119141
2021-08-06,17526.279297
2021-08-09,17485.150391
2021-08-10,17323.640625
2021-08-11,17227.179688
2021-08-12,17219.939453
2021-08-13,16982.109375
2021-08-16,16858.769531
2021-08-17,16661.359375
2021-08-18,16826.269531
2021-08-19,16375.400391
2021-08-20,16341.940430
2021-08-23,16741.839844
2021-08-24,16818.730469
2021-08-25,17045.859375
2021-08-26,17066.960938
2021-08-27,17209.929688
2021-08-30,17396.519531
2021-08-31,17490.289062
2021-09-01,17473.990234
2021-09-02,17319.759766
2021-09-03,17516.919922
2021-09-06,17495.300781
2021-09-07,17428.869141
2021-09-08,17270.490234
2021-09-09,17304.330078
2021-09-10,17474.570312
2021-09-13,17446.310547
2021-09-14,17434.900391
2021-09-15,17354.000000
2021-09-16,17278.699219
2021-09-17,17276.789062
2021-09-22,16925.820312
2021-09-23,17078.220703
2021-09-24,17260.189453
2021-09-27,17313.769531
2021-09-28,17181.439453
2021-09-29,16855.460938
2021-09-30,16934.769531
2021-10-01,16570.890625
2021-10-04,16408.349609
2021-10-05,16460.750000
2021-10-06,16393.160156
2021-10-07,16713.859375
2021-10-08,16640.429688
2021-10-12,16462.839844
2021-10-13,16347.990234
2021-10-14,16387.279297
2021-10-15,16781.189453
2021-10-18,16705.460938
2021-10-19,16900.669922
2021-10-20,16887.820312
2021-10-21,16889.509766
2021-10-22,16888.740234
2021-10-25,16894.240234
2021-10-26,17034.339844
2021-10-27,17074.550781
2021-10-28,17041.630859
2021-10-29,16987.410156
2021-11-01,17068.240234
2021-11-02,17065.970703
2021-11-03,17122.160156
2021-11-04,17078.859375
2021-11-05,17296.900391
2021-11-08,17415.300781
2021-11-09,17541.359375
2021-11-10,17559.650391
2021-11-11,17452.519531
2021-11-12,17518.130859
2021-11-15,17634.470703
2021-11-16,17693.130859
2021-11-17,17764.039062
2021-11-18,17841.369141
2021-11-19,17818.310547
2021-11-22,17803.539062
2021-11-23,17666.119141
2021-11-24,17642.519531
2021-11-25,17654.189453
2021-11-26,17369.390625
2021-11-29,17328.089844
2021-11-30,17427.759766
2021-12-01,17585.990234
2021-12-02,17724.880859
2021-12-03,17697.140625
2021-12-06,17688.210938
2021-12-07,17796.919922
2021-12-08,17832.419922
2021-12-09,17914.119141
2021-12-10,17826.259766
2021-12-13,17767.599609
2021-12-14,17599.369141
2021-12-15,17660.099609
2021-12-16,17785.740234
2021-12-17,17812.589844
2021-12-20,17669.109375
2021-12-21,17789.269531
2021-12-22,17826.830078
2021-12-23,17946.660156
2021-12-24,17961.640625
2021-12-27,18048.939453
2021-12-28,18196.810547
2021-12-29,18248.279297
2021-12-30,18218.839844
2022-01-03,18270.509766
2022-01-04,18526.349609
2022-01-05,18499.960938
2022-01-06,18367.919922
2022-01-07,18169.759766
2022-01-10,18239.380859
2022-01-11,18288.210938
2022-01-12,18375.400391
2022-01-13,18436.929688
2022-01-14,18403.330078
2022-01-17,18525.439453
2022-01-18,18378.640625
2022-01-19,18227.460938
2022-01-20,18218.279297
2022-01-21,17899.300781
2022-01-24,17989.039062
2022-01-25,17701.119141
2022-01-26,17674.400391
2022-02-07,17900.300781
2022-02-08,17966.560547
2022-02-09,18151.759766
2022-02-10,18338.050781
2022-02-11,18310.939453
2022-02-14,17997.669922
2022-02-15,17951.810547
2022-02-16,18231.470703
2022-02-17,18268.570312
2022-02-18,18232.349609
2022-02-21,18221.490234
2022-02-22,17969.289062
2022-02-23,18055.730469
2022-02-24,17594.550781
2022-02-25,17652.179688
2022-03-01,17898.250000
2022-03-02,17867.599609
2022-03-03,17934.400391
2022-03-04,17736.519531
2022-03-07,17178.689453
2022-03-08,16825.250000
2022-03-09,17015.359375
2022-03-10,17433.199219
2022-03-11,17264.740234
2022-03-14,17263.039062
2022-03-15,16926.060547
2022-03-16,16940.830078
2022-03-17,17448.220703
2022-03-18,17456.519531
2022-03-21,17560.359375
2022-03-22,17559.710938
2022-03-23,17731.369141
2022-03-24,17699.060547
2022-03-25,17676.949219
2022-03-28,17520.009766
2022-03-29,17548.660156
2022-03-30,17740.560547
2022-03-31,17693.470703
2022-04-01,17625.589844
2022-04-06,17522.500000
2022-04-07,17178.630859
2022-04-08,17284.539062
2022-04-11,17048.369141
2022-04-12,16990.910156
2022-04-13,17301.650391
2022-04-14,17245.650391
2022-04-15,17004.179688
2022-04-18,16898.869141
2022-04-19,16993.400391
2022-04-20,17148.880859
2022-04-21,17127.949219
2022-04-22,17025.089844
2022-04-25,16620.900391
2022-04-26,16644.789062
2022-04-27,16303.349609
2022-04-28,16419.380859
2022-04-29,16592.179688
2022-05-03,16498.900391
2022-05-04,16565.830078
2022-05-05,16696.119141
2022-05-06,16408.199219
2022-05-09,16048.919922
2022-05-10,16061.700195
2022-05-11,16006.250000
2022-05-12,15616.679688
2022-05-13,15832.540039
2022-05-16,15901.040039
2022-05-17,16056.089844
2022-05-18,16296.860352
2022-05-19,16020.320312
2022-05-20,16144.849609
2022-05-23,16156.410156
2022-05-24,15963.629883
2022-05-25,16104.030273
2022-05-26,15968.830078
2022-05-27,16266.219727
2022-05-30,16610.619141
2022-05-31,16807.769531
2022-06-01,16675.089844
2022-06-02,16552.570312
2022-06-06,16605.960938
2022-06-07,16512.880859
2022-06-08,16670.509766
2022-06-09,16621.339844
2022-06-10,16460.119141
2022-06-13,16070.980469
2022-06-14,16047.370117
2022-06-15,15999.250000
2022-06-16,15838.610352
2022-06-17,15641.259766
2022-06-20,15367.580078
2022-06-21,15728.639648
2022-06-22,15347.750000
2022-06-23,15176.440430
2022-06-24,15303.320312
2022-06-27,15548.009766
2022-06-28,15439.919922
2022-06-29,15240.129883
2022-06-30,14825.730469
2022-07-01,14343.080078
2022-07-04,14217.059570
2022-07-05,14349.200195
2022-07-06,13985.509766
2022-07-07,14336.269531
2022-07-08,14464.530273
2022-07-11,14340.530273
2022-07-12,13950.620117
2022-07-13,14324.679688
2022-07-14,14438.519531
2022-07-15,14550.620117
2022-07-18,14719.639648
2022-07-19,14694.080078
2022-07-20,14733.219727
2022-07-21,14937.700195
2022-07-22,14949.360352
2022-07-25,14936.330078
2022-07-26,14806.780273
2022-07-27,14921.589844
2022-07-28,14891.900391
2022-07-29,15000.070312
2022-08-01,14981.690430
2022-08-02,14747.230469
2022-08-03,14777.019531
2022-08-04,14702.200195
2022-08-05,15036.040039
2022-08-08,15020.410156
2022-08-09,15050.280273
2022-08-10,14939.019531
2022-08-11,15197.849609
2022-08-12,15288.969727
2022-08-15,15417.349609
2022-08-16,15420.570312
2022-08-17,15465.450195
2022-08-18,15396.759766
2022-08-19,15408.780273
2022-08-22,15245.139648
2022-08-23,15095.889648
2022-08-24,15069.190430
2022-08-25,15200.040039
2022-08-26,15278.440430
2022-08-29,14926.190430
2022-08-30,14953.629883
2022-08-31,15095.440430
2022-09-01,14801.860352
2022-09-02,14673.040039
2022-09-05,14661.099609
2022-09-06,14677.200195
2022-09-07,14410.049805
2022-09-08,14583.419922
2022-09-12,14807.429688
2022-09-13,14894.410156
2022-09-14,14658.309570
2022-09-15,14670.040039
2022-09-16,14561.759766
2022-09-19,14425.679688
2022-09-20,14549.299805
2022-09-21,14424.519531
2022-09-22,14284.629883
2022-09-23,14118.379883
2022-09-26,13778.190430
2022-09-27,13826.589844
2022-09-28,13466.070312
2022-09-29,13534.259766
2022-09-30,13424.580078
2022-10-03,13300.480469
2022-10-04,13576.519531
2022-10-05,13801.429688
2022-10-06,13892.049805
2022-10-07,13702.280273
2022-10-11,13106.030273
2022-10-12,13081.240234
2022-10-13,12810.730469
2022-10-14,13128.120117
2022-10-17,12966.049805
2022-10-18,13124.679688
2022-10-19,12976.759766
2022-10-20,12946.099609
2022-10-21,12819.200195
2022-10-24,12856.980469
2022-10-25,12666.120117
2022-10-26,12729.049805
2022-10-27,12926.370117
2022-10-28,12788.419922
2022-10-31,12949.750000
2022-11-01,13037.209961
2022-11-02,13100.169922
2022-11-03,12986.599609
2022-11-04,13026.709961
2022-11-07,13223.730469
2022-11-08,13347.759766
2022-11-09,13638.809570
2022-11-10,13503.759766
2022-11-11,14007.559570
2022-11-14,14174.900391
2022-11-15,14546.309570
2022-11-16,14537.349609
2022-11-17,14535.230469
2022-11-18,14504.990234
2022-11-21,14449.389648
2022-11-22,14542.200195
2022-11-23,14608.540039
2022-11-24,14784.000000
2022-11-25,14778.509766
2022-11-28,14556.870117
2022-11-29,14709.639648
2022-11-30,14879.549805
2022-12-01,15012.799805
2022-12-02,14970.679688
2022-12-05,14980.740234
2022-12-06,14728.879883
2022-12-07,14630.009766
2022-12-08,14553.040039
2022-12-09,14705.429688
2022-12-12,14612.589844
2022-12-13,14522.959961
2022-12-14,14739.360352
2022-12-15,14734.129883
2022-12-16,14528.549805
2022-12-19,14433.320312
2022-12-20,14170.030273
2022-12-21,14234.400391
2022-12-22,14442.940430
2022-12-23,14271.629883
2022-12-26,14285.129883
2022-12-27,14328.429688
2022-12-28,14173.099609
2022-12-29,14085.019531
2022-12-30,14137.690430
2023-01-03,14224.120117
2023-01-04,14199.129883
2023-01-05,14301.049805
2023-01-06,14373.339844
2023-01-09,14752.209961
2023-01-10,14802.959961
2023-01-11,14751.440430
2023-01-12,14731.639648
2023-01-13,14824.129883
2023-01-16,14927.009766
2023-01-17,14932.929688
2023-01-30,15493.820312
2023-01-31,15265.200195
2023-02-01,15420.129883
2023-02-02,15595.160156
2023-02-03,15602.660156
2023-02-06,15392.820312
2023-02-07,15400.910156
2023-02-08,15618.169922
2023-02-09,15598.709961
2023-02-10,15586.650391
2023-02-13,15544.280273
2023-02-14,15654.480469
2023-02-15,15432.889648
2023-02-16,15550.500000
2023-02-17,15479.700195
2023-02-20,15551.230469
2023-02-21,15563.000000
2023-02-22,15418.769531
2023-02-23,15615.410156
2023-02-24,15503.790039
2023-03-01,15598.490234
2023-03-02,15598.719727
2023-03-03,15608.419922
2023-03-06,15763.509766
2023-03-07,15857.889648
2023-03-08,15818.200195
2023-03-09,15770.660156
2023-03-10,15526.200195
2023-03-13,15560.490234
2023-03-14,15360.419922
2023-03-15,15387.589844
2023-03-16,15221.120117
2023-03-17,15452.959961
2023-03-20,15419.969727
2023-03-21,15513.450195
2023-03-22,15760.459961
2023-03-23,15863.950195
2023-03-24,15914.700195
2023-03-27,15830.309570
2023-03-28,15701.480469
2023-03-29,15769.759766
2023-03-30,15849.429688
2023-03-31,15868.059570
2023-04-06,15810.769531
2023-04-07,15836.500000
2023-04-10,15876.169922
2023-04-11,15913.879883
2023-04-12,15932.969727
2023-04-13,15804.759766
2023-04-14,15929.429688
2023-04-17,15963.549805
2023-04-18,15869.440430
2023-04-19,15770.469727
2023-04-20,15707.519531
2023-04-21,15602.990234
2023-04-24,15626.870117
2023-04-25,15370.730469
2023-04-26,15374.629883
2023-04-27,15411.490234
2023-04-28,15579.179688
2023-05-02,15636.480469
2023-05-03,15553.410156
2023-05-04,15609.030273
2023-05-05,15626.070312
2023-05-08,15699.570312
2023-05-09,15727.700195
2023-05-10,15641.759766
2023-05-11,15514.639648
2023-05-12,15502.360352
2023-05-15,15475.049805
2023-05-16,15673.900391
2023-05-17,15925.290039
2023-05-18,16101.879883
2023-05-19,16174.919922
2023-05-22,16180.889648
2023-05-23,16188.030273
2023-05-24,16159.320312
2023-05-25,16292.000000
2023-05-26,16505.050781
2023-05-29,16636.300781
2023-05-30,16622.740234
2023-05-31,16578.960938
2023-06-01,16512.650391
2023-06-02,16706.910156
2023-06-05,16714.429688
2023-06-06,16761.660156
2023-06-07,16922.480469
2023-06-08,16733.689453
2023-06-09,16886.400391
2023-06-12,16955.369141
2023-06-13,17216.599609
2023-06-14,17238.140625
2023-06-15,17334.980469
2023-06-16,17288.910156
2023-06-19,17274.560547
2023-06-20,17184.910156
2023-06-21,17202.400391
2023-06-26,17059.240234
2023-06-27,16887.900391
2023-06-28,16935.630859
2023-06-29,16942.300781
2023-06-30,16915.539062
2023-07-03,17084.199219
2023-07-04,17140.769531
2023-07-05,17056.429688
2023-07-06,16762.169922
2023-07-07,16664.210938
2023-07-10,16652.800781
2023-07-11,16898.910156
2023-07-12,16962.029297
2023-07-13,17061.400391
2023-07-14,17283.710938
2023-07-17,17334.289062
2023-07-18,17227.910156
2023-07-19,17116.439453
2023-07-20,17164.890625
2023-07-21,17030.699219
2023-07-24,17033.609375
2023-07-25,17198.890625
2023-07-26,17162.550781
2023-07-27,17241.820312
2023-07-28,17292.929688
2023-07-31,17145.429688
2023-08-01,17212.869141
2023-08-02,16893.730469
2023-08-04,16843.679688
2023-08-07,16996.000000
2023-08-08,16877.070312
2023-08-09,16870.939453
2023-08-10,16634.699219
2023-08-11,16601.250000
2023-08-14,16393.660156
2023-08-15,16454.800781
2023-08-16,16446.779297
2023-08-17,16516.660156
2023-08-18,16381.309570
2023-08-21,16381.490234
2023-08-22,16437.609375
2023-08-23,16576.900391
2023-08-24,16770.869141
2023-08-25,16481.580078
2023-08-28,16509.259766
2023-08-29,16623.650391
2023-08-30,16719.820312
2023-08-31,16634.509766
2023-09-01,16644.939453
2023-09-04,16789.689453
2023-09-05,16791.609375
2023-09-06,16738.160156
2023-09-07,16619.140625
2023-09-08,16576.019531
2023-09-11,16432.949219
2023-09-12,16572.710938
2023-09-13,16581.509766
2023-09-14,16807.560547
2023-09-15,16920.919922
2023-09-18,16698.240234
2023-09-19,16636.320312
2023-09-20,16534.750000
2023-09-21,16316.669922
2023-09-22,16344.480469
2023-09-25,16452.230469
2023-09-26,16276.070312
2023-09-27,16310.360352
2023-09-28,16353.740234
2023-10-02,16557.310547
2023-10-03,16454.339844
2023-10-04,16273.379883
2023-10-05,16453.519531
2023-10-06,16520.570312
2023-10-11,16672.029297
2023-10-12,16825.910156
2023-10-13,16782.570312
2023-10-16,16652.240234
2023-10-17,16642.550781
2023-10-18,16440.910156
2023-10-19,16452.730469
2023-10-20,16440.720703
2023-10-23,16251.360352
2023-10-24,16309.759766
2023-10-25,16358.889648
2023-10-26,16073.740234
2023-10-27,16134.610352
2023-10-30,16149.679688
2023-10-31,16001.269531
2023-11-01,16038.559570
2023-11-02,16396.949219
2023-11-03,16507.650391
2023-11-06,16649.359375
2023-11-07,16684.949219
2023-11-08,16740.830078
2023-11-09,16745.650391
2023-11-10,16682.669922
2023-11-13,16839.289062
2023-11-14,16915.710938
2023-11-15,17128.779297
2023-11-16,17171.179688
2023-11-17,17208.949219
2023-11-20,17210.470703
2023-11-21,17416.699219
2023-11-22,17310.259766
2023-11-23,17294.550781
2023-11-24,17287.419922
2023-11-27,17137.419922
2023-11-28,17341.250000
2023-11-29,17370.560547
2023-11-30,17433.849609
2023-12-01,17438.349609
2023-12-04,17421.480469
2023-12-05,17328.009766
2023-12-06,17360.720703
2023-12-07,17278.740234
2023-12-08,17383.990234
2023-12-11,17418.339844
2023-12-12,17450.630859
2023-12-13,17468.929688
2023-12-14,17653.109375
2023-12-15,17673.869141
2023-12-18,17652.029297
2023-12-19,17576.550781
2023-12-20,17635.199219
2023-12-21,17543.740234
2023-12-22,17596.630859
2023-12-25,17604.839844
2023-12-26,17751.730469
2023-12-27,17891.500000
2023-12-28,17910.369141
2023-12-29,17930.810547
2024-01-02,17853.759766
2024-01-03,17559.310547
2024-01-04,17549.650391
2024-01-05,17519.140625
2024-01-08,17572.660156
2024-01-09,17535.490234
2024-01-10,17465.630859
2024-01-11,17545.320312
2024-01-12,17512.830078
2024-01-15,17546.820312
2024-01-16,17346.869141
2024-01-17,17161.789062
2024-01-18,17227.789062
2024-01-19,17681.519531
2024-01-22,17815.099609
2024-01-23,17874.589844
2024-01-24,17875.830078
2024-01-25,18002.619141
2024-01-26,17995.029297
2024-01-29,18119.630859
2024-01-30,18034.630859
2024-01-31,17889.560547
2024-02-01,17968.109375
2024-02-02,18059.929688
2024-02-05,18096.070312
2024-02-15,18644.570312
2024-02-16,18607.250000
2024-02-19,18635.800781
2024-02-20,18753.160156
2024-02-21,18676.310547
2024-02-22,18852.779297
2024-02-23,18889.189453
2024-02-26,18948.050781
2024-02-27,18854.410156
2024-02-29,18966.769531
2024-03-01,18935.929688
2024-03-04,19305.310547
2024-03-05,19386.919922
2024-03-06,19499.449219
2024-03-07,19693.519531
2024-03-08,19785.320312
2024-03-11,19726.080078
2024-03-12,19914.550781
2024-03-13,19928.509766
2024-03-14,19937.919922
2024-03-15,19682.500000
2024-03-18,19879.849609
2024-03-19,19857.199219
2024-03-20,19784.449219
2024-03-21,20199.089844
2024-03-22,20228.429688
2024-03-25,20192.250000
2024-03-26,20126.490234
2024-03-27,20200.119141
2024-03-28,20146.550781
2024-03-29,20294.449219
2024-04-01,20222.330078
2024-04-02,20466.570312
2024-04-03,20337.599609
2024-04-08,20417.699219
2024-04-09,20796.199219
2024-04-10,20763.529297
2024-04-11,20753.220703
2024-04-12,20736.570312
2024-04-15,20449.769531
2024-04-16,19901.960938
2024-04-17,20213.330078
2024-04-18,20301.199219
2024-04-19,19527.119141
2024-04-22,19411.220703
2024-04-23,19599.279297
2024-04-24,20131.740234
2024-04-25,19857.419922
2024-04-26,20120.509766
2024-04-29,20495.519531
2024-04-30,20396.599609
2024-05-02,20222.439453
2024-05-03,20330.320312
2024-05-06,20523.310547
2024-05-07,20653.529297
2024-05-08,20700.509766
2024-05-09,20560.769531
2024-05-10,20708.839844
2024-05-13,20857.710938
2024-05-14,20985.849609
2024-05-15,21147.210938
2024-05-16,21304.259766
2024-05-17,21258.470703
2024-05-20,21271.630859
2024-05-21,21236.750000
2024-05-22,21551.830078
2024-05-23,21607.429688
2024-05-24,21565.339844
2024-05-27,21803.769531
2024-05-28,21858.410156
2024-05-29,21662.500000
2024-05-30,21364.480469
2024-05-31,21174.220703
2024-06-03,21536.759766
2024-06-04,21356.619141
2024-06-05,21484.880859
2024-06-06,21902.699219
2024-06-07,21858.380859
2024-06-11,21792.119141
2024-06-12,22048.960938
2024-06-13,22312.039062
2024-06-14,22504.720703
2024-06-17,22496.529297
2024-06-18,22757.429688
2024-06-19,23209.539062
2024-06-20,23406.099609
2024-06-21,23253.390625
2024-06-24,22813.699219
2024-06-25,22875.970703
2024-06-26,22986.689453
2024-06-27,22905.980469
2024-06-28,23032.250000
2024-07-01,23058.570312
2024-07-02,22879.369141
2024-07-03,23172.429688
2024-07-04,23522.529297
2024-07-05,23556.589844
2024-07-08,23878.150391
2024-07-09,23900.080078
2024-07-10,24007.080078
2024-07-11,24390.029297
2024-07-12,23916.929688
2024-07-15,23879.359375
2024-07-16,23997.250000
2024-07-17,23769.820312
2024-07-18,23398.470703
2024-07-19,22869.259766
2024-07-22,22256.990234
2024-07-23,22871.839844
2024-07-26,22119.210938
2024-07-29,22164.490234
2024-07-30,22223.570312
2024-07-31,22199.349609
2024-08-01,22642.099609
2024-08-02,21638.089844
2024-08-05,19830.880859
2024-08-06,20501.019531
2024-08-07,21295.279297
2024-08-08,20870.099609
2024-08-09,21469.000000
2024-08-12,21773.259766
2024-08-13,21796.570312
2024-08-14,22027.250000
2024-08-15,21895.169922
2024-08-16,22349.330078
2024-08-19,22409.630859
2024-08-20,22429.099609
2024-08-21,22237.890625
2024-08-22,22148.830078
2024-08-23,22158.050781
2024-08-26,22240.119141
2024-08-27,22185.000000
2024-08-28,22370.660156
2024-08-29,22201.849609
2024-08-30,22268.089844
2024-09-02,22235.099609
2024-09-03,22092.210938
2024-09-04,21092.750000
2024-09-05,21187.710938
2024-09-06,21435.189453
2024-09-09,21144.439453
2024-09-10,21064.080078
2024-09-11,21031.000000
2024-09-12,21653.250000
2024-09-13,21759.650391
2024-09-16,21850.080078
2024-09-18,21678.839844
2024-09-19,22042.689453
2024-09-20,22159.419922
2024-09-23,22285.529297
2024-09-24,22431.779297
2024-09-25,22761.599609
2024-09-26,22858.810547
2024-09-27,22822.789062
2024-09-30,22224.539062
2024-10-01,22390.390625
2024-10-04,22302.710938
2024-10-07,22702.560547
2024-10-08,22611.390625
2024-10-09,22659.080078
2024-10-11,22901.640625
2024-10-14,22975.289062
2024-10-15,23292.039062
2024-10-16,23010.980469
2024-10-17,23053.839844
2024-10-18,23487.269531
2024-10-21,23542.529297
2024-10-22,23535.429688
2024-10-23,23334.759766
2024-10-24,23192.519531
2024-10-25,23348.449219
2024-10-28,23198.070312
2024-10-29,22926.589844
2024-10-30,22820.429688
2024-11-01,22780.080078
2024-11-04,22965.390625
2024-11-05,23106.789062
2024-11-06,23217.380859
2024-11-07,23408.820312
2024-11-08,23553.890625
2024-11-11,23529.640625
2024-11-12,22981.769531
2024-11-13,22860.230469
2024-11-14,22715.380859
2024-11-15,22742.769531
2024-11-18,22546.539062
2024-11-19,22848.800781
2024-11-20,22688.359375
2024-11-21,22555.660156
2024-11-22,22904.320312
2024-11-25,22948.369141
2024-11-26,22678.759766
2024-11-27,22334.779297
2024-11-28,22298.900391
2024-11-29,22262.500000
2024-12-02,22736.929688
2024-12-03,23027.460938
2024-12-04,23255.330078
2024-12-05,23267.939453
2024-12-06,23193.269531
2024-12-09,23273.250000
2024-12-10,23125.080078
2024-12-11,22903.630859
2024-12-12,23046.800781
2024-12-13,23020.480469
2024-12-16,23039.900391
2024-12-17,23018.009766
2024-12-18,23168.669922
2024-12-19,22932.250000
2024-12-20,22510.250000
2024-12-23,23104.539062
2024-12-24,23120.240234
2024-12-25,23220.130859
2024-12-26,23246.939453
2024-12-27,23275.679688
2024-12-30,23190.199219
2024-12-31,23035.099609
2025-01-02,22832.060547
2025-01-03,22908.300781
2025-01-06,23547.710938
2025-01-07,23651.269531
2025-01-08,23407.330078
2025-01-09,23081.130859
2025-01-10,23011.859375
2025-01-13,22488.330078
2025-01-14,22797.519531
2025-01-15,22514.570312
2025-01-16,23025.099609
2025-01-17,23148.080078
2025-01-20,23266.820312
2025-01-21,23300.009766
2025-01-22,23525.410156
2025-02-03,22694.710938
2025-02-04,22793.960938
2025-02-05,23161.580078
2025-02-06,23316.599609
2025-02-07,23478.269531
2025-02-10,23252.140625
2025-02-11,23384.050781
2025-02-12,23289.750000
2025-02-13,23399.410156
2025-02-14,23152.609375
2025-02-17,23505.330078
2025-02-18,23666.109375
2025-02-19,23604.080078
2025-02-20,23487.460938
2025-02-21,23730.250000
2025-02-24,23565.310547
2025-02-25,23285.720703
2025-02-26,23402.550781
2025-02-27,23053.179688
2025-03-03,22756.250000
2025-03-04,22596.880859
2025-03-05,22871.900391
2025-03-06,22715.429688
2025-03-07,22576.070312
2025-03-10,22459.150391
2025-03-11,22071.089844
2025-03-12,22278.359375
2025-03-13,21961.679688
2025-03-14,21968.050781
2025-03-17,22118.630859
2025-03-18,22271.669922
2025-03-19,21960.830078
2025-03-20,22377.259766
2025-03-21,22209.099609
2025-03-24,22106.640625
2025-03-25,22273.189453
2025-03-26,22260.289062
2025-03-27,21951.759766
2025-03-28,21602.890625
2025-03-31,20695.900391
2025-04-01,21280.169922
2025-04-02,21298.220703
2025-04-07,19232.349609
2025-04-08,18459.949219
2025-04-09,17391.759766
2025-04-10,19000.029297
2025-04-11,19528.769531
2025-04-14,19513.089844
2025-04-15,19857.669922
2025-04-16,19468.000000
2025-04-17,19338.730469
2025-04-18,19395.029297
2025-04-21,19106.199219
2025-04-22,18793.429688
2025-04-23,19639.140625
2025-04-24,19478.810547
2025-04-25,19872.730469
2025-04-28,20034.410156
2025-04-29,20232.630859
2025-04-30,20235.029297
2025-05-02,20787.640625
2025-05-05,20532.990234
2025-05-06,20522.589844
2025-05-07,20546.490234
2025-05-08,20543.400391
2025-05-09,20915.039062
2025-05-12,21129.539062
2025-05-13,21330.140625
2025-05-14,21782.869141
2025-05-15,21730.250000
2025-05-16,21843.689453
2025-05-19,21523.830078
2025-05-20,21526.029297
2025-05-21,21803.910156
2025-05-22,21670.960938
2025-05-23,21652.240234
2025-05-26,21536.570312
2025-05-27,21336.539062
2025-05-28,21357.720703
2025-05-29,21347.300781
2025-06-02,21002.710938
2025-06-03,21126.929688
2025-06-04,21618.089844
2025-06-05,21674.429688
2025-06-06,21660.660156
2025-06-09,21790.289062
2025-06-10,22242.140625
2025-06-11,22470.099609
2025-06-12,22287.820312
2025-06-13,22072.949219
2025-06-16,22049.900391
2025-06-17,22211.589844
2025-06-18,22356.730469
2025-06-19,22003.500000
2025-06-20,22045.740234
2025-06-23,21732.019531
2025-06-24,22188.759766
2025-06-25,22430.609375
2025-06-26,22492.339844
2025-06-27,22580.080078
2025-06-30,22256.019531
2025-07-01,22553.720703
2025-07-02,22577.740234
2025-07-03,22712.970703
2025-07-04,22547.500000
2025-07-07,22428.720703
2025-07-08,22362.269531
2025-07-09,22527.009766
2025-07-10,22693.250000
2025-07-11,22751.029297
2025-07-14,22614.970703
2025-07-15,22835.939453
2025-07-16,23042.900391
2025-07-17,23113.279297
2025-07-18,23383.130859
2025-07-21,23340.560547
2025-07-22,22987.919922
2025-07-23,23318.669922
2025-07-24,23373.730469
2025-07-25,23364.380859
2025-07-28,23412.980469
2025-07-29,23201.519531
2025-07-30,23461.720703
2025-07-31,23542.519531
2025-08-01,23434.380859
2025-08-04,23378.939453
2025-08-05,23660.589844
2025-08-06,23447.359375
2025-08-07,24003.769531
2025-08-08,24021.259766
2025-08-11,24135.500000
2025-08-12,24158.359375
2025-08-13,24370.019531
2025-08-14,24238.099609
2025-08-15,24334.480469
2025-08-18,24482.519531
2025-08-19,24353.500000
2025-08-20,23625.439453
2025-08-21,23962.130859
2025-08-22,23764.470703
2025-08-25,24277.380859
2025-08-26,24305.099609
2025-08-27,24519.900391
2025-08-28,24236.449219
2025-08-29,24233.099609
2025-09-01,24071.730469
2025-09-02,24016.779297
2025-09-03,24100.300781
2025-09-04,24179.849609
2025-09-05,24494.580078
2025-09-08,24547.380859
2025-09-09,24855.179688
2025-09-10,25192.589844
2025-09-11,25215.710938
2025-09-12,25474.640625
2025-09-15,25357.160156
2025-09-16,25629.640625
2025-09-17,25438.250000
2025-09-18,25769.359375
2025-09-19,25578.369141
2025-09-22,25880.599609
2025-09-23,26247.369141
2025-09-24,26196.730469
2025-09-25,26023.849609
2025-09-26,25580.320312
2025-09-30,25820.539062
2025-10-01,25982.910156
2025-10-02,26378.390625
2025-10-03,26761.060547
2025-10-07,27211.949219
2025-10-08,27063.679688
2025-10-09,27301.919922
2025-10-13,26923.419922
2025-10-14,26793.150391
2025-10-15,27275.710938
2025-10-16,27647.869141
2025-10-17,27302.369141
2025-10-20,27688.630859
2025-10-21,27752.410156
2025-10-22,27648.910156
2025-10-23,27532.259766
2025-10-27,27993.630859
2025-10-28,27949.109375
2025-10-29,28294.740234
2025-10-30,28287.529297
2025-10-31,28233.349609
2025-11-03,28334.589844
2025-11-04,28116.560547
2025-11-05,27717.060547
2025-11-06,27899.449219
2025-11-07,27651.410156
2025-11-10,27869.509766
2025-11-11,27784.949219
2025-11-12,27947.089844
2025-11-13,27903.560547
2025-11-14,27397.500000
2025-11-17,27447.310547
2025-11-18,26756.119141
2025-11-19,26580.119141
2025-11-20,27426.359375
2025-11-21,26434.939453
2025-11-24,26504.240234
2025-11-25,26912.169922
2025-11-26,27409.539062
2025-11-27,27554.529297
2025-11-28,27626.480469
2025-12-01,27342.529297
2025-12-02,27564.269531
2025-12-03,27793.039062
2025-12-04,27795.710938
2025-12-05,27980.890625
2025-12-08,28303.779297
2025-12-09,28182.599609
2025-12-10,28400.730469
2025-12-11,28024.750000
2025-12-12,28198.019531
2025-12-15,27866.939453
2025-12-16,27536.660156
2025-12-17,27525.169922
2025-12-18,27468.529297
2025-12-19,27696.349609
2025-12-22,28149.640625
2025-12-23,28310.470703
2025-12-24,28371.980469
2025-12-26,28556.019531
2025-12-29,28810.890625
2025-12-30,28707.130859
2025-12-31,28963.599609
2026-01-02,29349.810547
2026-01-05,30105.039062
2026-01-06,30576.300781
2026-01-07,30435.470703
2026-01-08,30360.550781
2026-01-09,30288.960938
2026-01-12,30567.289062
2026-01-13,30707.220703
2026-01-14,30941.779297
2026-01-15,30810.580078
2026-01-16,31408.699219
2026-01-19,31639.289062
2026-01-20,31759.990234
2026-01-21,31246.369141
2026-01-22,31746.080078
2026-01-23,31961.509766
2026-01-26,32064.519531
2026-01-27,32317.919922
2026-01-28,32803.820312
2026-01-29,32536.269531
2026-01-30,32063.750000
2026-02-02,31624.029297
2026-02-03,32195.359375
2026-02-04,32289.810547
2026-02-05,31801.269531
2026-02-06,31782.919922
2026-02-09,32404.619141
2026-02-10,33072.968750
2026-02-11,33605.710938
2026-02-23,33773.261719
2026-02-24,34700.820312
2026-02-25,35413.070312
2026-02-26,35414.488281
2026-03-02,35095.089844
2026-03-03,34323.648438
2026-03-04,32828.878906
2026-03-05,33672.941406
2026-03-06,33599.539062
2026-03-09,32110.419922
2026-03-10,32771.871094
2026-03-11,34114.191406
2026-03-12,33581.859375
2026-03-13,33400.320312
2026-03-16,33342.511719
2026-03-17,33836.570312
2026-03-18,34348.578125
2026-03-19,33689.679688
2026-03-20,33543.878906
2026-03-23,32722.500000
2026-03-24,32612.240234
2026-03-25,33439.109375
2026-03-26,33337.621094
2026-03-27,33112.589844
2026-03-30,32518.160156
2026-03-31,31722.990234
2026-04-01,33174.820312
2026-04-02,32572.429688
2026-04-07,33229.820312
2026-04-08,34761.378906
2026-04-09,34861.160156
2026-04-10,35417.828125
2026-04-13,35457.289062
2026-04-14,36296.121094
2026-04-15,36722.140625
2026-04-16,37132.019531
2026-04-17,36804.339844
2026-04-20,36958.800781
2026-04-21,37605.109375
2026-04-22,37878.468750
2026-04-23,37714.148438
2026-04-24,38932.398438
2026-04-27,39616.628906
2026-04-28,39521.730469
2026-04-29,39303.500000
2026-04-30,38926.628906
2026-05-04,40705.140625
2026-05-05,40769.289062
2026-05-06,41138.851562
2026-05-07,41933.781250
2026-05-08,41603.941406
2026-05-11,41790.058594
2026-05-12,41898.320312
2026-05-13,41374.500000
2026-05-14,41751.750000
2026-05-15,41172.359375
2026-05-18,40891.820312
2026-05-19,40175.558594
2026-05-20,40020.820312
2026-05-21,41368.210938
2026-05-22,42267.968750
2026-05-25,43644.398438
2026-05-26,43525.371094
2026-05-27,44256.800781
2026-05-28,43636.441406
2026-05-29,44732.941406
2026-06-01,45337.910156
2026-06-02,45557.308594
2026-06-03,46459.160156
2026-06-04,45677.460938
2026-06-05,45070.941406
2026-06-08,43502.781250
2026-06-09,44704.441406
2026-06-10,43225.539062
2026-06-11,43149.460938
2026-06-12,44169.039062
2026-06-15,45396.988281
2026-06-16,45809.191406
2026-06-17,45877.390625
2026-06-18,46465.199219
2026-06-22,47741.511719
2026-06-23,47100.648438
2026-06-24,46043.601562
2026-06-25,46255.261719
2026-06-26,44571.761719
2026-06-29,44999.898438
2026-06-30,46125.910156
